{"lossGrooming": 0.3936973810195923, "_timestamp": 1698038104.173839, "_runtime": 330.50016808509827, "_step": 8, "TruePositivesGrooming": 234.0, "FalsePositivesGrooming": 2336.0, "TrueNegativesGrooming": 27757.0, "FalseNegativesGrooming": 2073.0, "AccuracyGrooming": 0.863919734954834, "PrecisionGrooming": 0.09105058014392853, "RecallGrooming": 0.10143043100833893, "PRCGrooming": 0.07641810178756714, "_wandb": {"runtime": 329}}