{"lossWall Rearing": 0.6003265976905823, "_timestamp": 1698014150.770217, "_runtime": 319.2659330368042, "_step": 8, "TruePositivesWall Rearing": 933.0, "FalsePositivesWall Rearing": 5852.0, "TrueNegativesWall Rearing": 22246.0, "FalseNegativesWall Rearing": 3369.0, "AccuracyWall Rearing": 0.7154012322425842, "PrecisionWall Rearing": 0.13750921189785004, "RecallWall Rearing": 0.2168758660554886, "PRCWall Rearing": 0.13506120443344116, "_wandb": {"runtime": 317}}