{"lossGrooming": 0.3973977565765381, "_timestamp": 1698078911.323013, "_runtime": 335.5575051307678, "_step": 8, "TruePositivesGrooming": 353.0, "FalsePositivesGrooming": 2238.0, "TrueNegativesGrooming": 27855.0, "FalseNegativesGrooming": 1954.0, "AccuracyGrooming": 0.8706172704696655, "PrecisionGrooming": 0.13624083995819092, "RecallGrooming": 0.15301257371902466, "PRCGrooming": 0.09040853381156921, "_wandb": {"runtime": 334}}