{"lossGrooming": 0.37459486722946167, "_timestamp": 1697977397.156617, "_runtime": 324.03212094306946, "_step": 8, "TruePositivesGrooming": 61.0, "FalsePositivesGrooming": 1653.0, "TrueNegativesGrooming": 28440.0, "FalseNegativesGrooming": 2246.0, "AccuracyGrooming": 0.8796604871749878, "PrecisionGrooming": 0.03558926656842232, "RecallGrooming": 0.026441264897584915, "PRCGrooming": 0.05554381012916565, "_wandb": {"runtime": 323}}