{"lossMid Rearing": 0.6164131760597229, "_timestamp": 1697969552.539436, "_runtime": 348.68032598495483, "_step": 8, "TruePositivesMid Rearing": 1073.0, "FalsePositivesMid Rearing": 6531.0, "TrueNegativesMid Rearing": 22414.0, "FalseNegativesMid Rearing": 2382.0, "AccuracyMid Rearing": 0.724907398223877, "PrecisionMid Rearing": 0.14110994338989258, "RecallMid Rearing": 0.31056439876556396, "PRCMid Rearing": 0.13354691863059998, "_wandb": {"runtime": 347}}