{"lossGrooming": 0.3183501958847046, "_timestamp": 1698069470.626789, "_runtime": 342.74798607826233, "_step": 8, "TruePositivesGrooming": 132.0, "FalsePositivesGrooming": 1133.0, "TrueNegativesGrooming": 28960.0, "FalseNegativesGrooming": 2175.0, "AccuracyGrooming": 0.8979012370109558, "PrecisionGrooming": 0.104347825050354, "RecallGrooming": 0.05721716582775116, "PRCGrooming": 0.08345948159694672, "_wandb": {"runtime": 342}}