{"lossMid Rearing": 0.5651763677597046, "_timestamp": 1697972610.109546, "_runtime": 353.29004096984863, "_step": 8, "TruePositivesMid Rearing": 763.0, "FalsePositivesMid Rearing": 5486.0, "TrueNegativesMid Rearing": 23459.0, "FalseNegativesMid Rearing": 2692.0, "AccuracyMid Rearing": 0.747592568397522, "PrecisionMid Rearing": 0.12209953367710114, "RecallMid Rearing": 0.22083936631679535, "PRCMid Rearing": 0.1166233941912651, "_wandb": {"runtime": 351}}