{"lossWall Rearing": 0.48171722888946533, "_timestamp": 1697992507.581713, "_runtime": 317.5288369655609, "_step": 8, "TruePositivesWall Rearing": 406.0, "FalsePositivesWall Rearing": 1827.0, "TrueNegativesWall Rearing": 26271.0, "FalseNegativesWall Rearing": 3896.0, "AccuracyWall Rearing": 0.8233641982078552, "PrecisionWall Rearing": 0.1818181872367859, "RecallWall Rearing": 0.09437470883131027, "PRCWall Rearing": 0.15496569871902466, "_wandb": {"runtime": 315}}