{"lossWall Rearing": 0.7620363831520081, "_timestamp": 1697913143.76192, "_runtime": 320.4535119533539, "_step": 8, "TruePositivesWall Rearing": 2585.0, "FalsePositivesWall Rearing": 14126.0, "TrueNegativesWall Rearing": 13972.0, "FalseNegativesWall Rearing": 1717.0, "AccuracyWall Rearing": 0.5110185146331787, "PrecisionWall Rearing": 0.1546885222196579, "RecallWall Rearing": 0.6008833050727844, "PRCWall Rearing": 0.16479173302650452, "_wandb": {"runtime": 318}}