{"lossGrooming": 0.5510517358779907, "_timestamp": 1698047476.445836, "_runtime": 336.7889151573181, "_step": 8, "TruePositivesGrooming": 489.0, "FalsePositivesGrooming": 6314.0, "TrueNegativesGrooming": 23779.0, "FalseNegativesGrooming": 1818.0, "AccuracyGrooming": 0.7490123510360718, "PrecisionGrooming": 0.0718800500035286, "RecallGrooming": 0.21196359395980835, "PRCGrooming": 0.06853292137384415, "_wandb": {"runtime": 336}}