{"lossMid Rearing": 0.5291574001312256, "_timestamp": 1697970562.542254, "_runtime": 339.45556592941284, "_step": 8, "TruePositivesMid Rearing": 733.0, "FalsePositivesMid Rearing": 3981.0, "TrueNegativesMid Rearing": 24964.0, "FalseNegativesMid Rearing": 2722.0, "AccuracyMid Rearing": 0.7931172847747803, "PrecisionMid Rearing": 0.15549427270889282, "RecallMid Rearing": 0.2121562957763672, "PRCMid Rearing": 0.1358860433101654, "_wandb": {"runtime": 337}}