{"lossGrooming": 0.4217031002044678, "_timestamp": 1698051328.2502651, "_runtime": 325.2006080150604, "_step": 8, "TruePositivesGrooming": 220.0, "FalsePositivesGrooming": 2641.0, "TrueNegativesGrooming": 27452.0, "FalseNegativesGrooming": 2087.0, "AccuracyGrooming": 0.8540740609169006, "PrecisionGrooming": 0.07689619064331055, "RecallGrooming": 0.09536194056272507, "PRCGrooming": 0.06674709916114807, "_wandb": {"runtime": 323}}