{"lossWall Rearing": 0.5279965996742249, "_timestamp": 1698039791.6624792, "_runtime": 316.9969062805176, "_step": 8, "TruePositivesWall Rearing": 929.0, "FalsePositivesWall Rearing": 4017.0, "TrueNegativesWall Rearing": 24081.0, "FalseNegativesWall Rearing": 3373.0, "AccuracyWall Rearing": 0.7719135880470276, "PrecisionWall Rearing": 0.18782855570316315, "RecallWall Rearing": 0.21594607830047607, "PRCWall Rearing": 0.16696101427078247, "_wandb": {"runtime": 315}}