{"lossWall Rearing": 0.5487034916877747, "_timestamp": 1697931669.441283, "_runtime": 321.1791789531708, "_step": 8, "TruePositivesWall Rearing": 783.0, "FalsePositivesWall Rearing": 3754.0, "TrueNegativesWall Rearing": 24344.0, "FalseNegativesWall Rearing": 3519.0, "AccuracyWall Rearing": 0.7755246758460999, "PrecisionWall Rearing": 0.1725810021162033, "RecallWall Rearing": 0.18200837075710297, "PRCWall Rearing": 0.1593971699476242, "_wandb": {"runtime": 317}}