{"lossWall Rearing": 0.7711353898048401, "_timestamp": 1697908045.700214, "_runtime": 322.52708983421326, "_step": 8, "TruePositivesWall Rearing": 1662.0, "FalsePositivesWall Rearing": 12051.0, "TrueNegativesWall Rearing": 16047.0, "FalseNegativesWall Rearing": 2640.0, "AccuracyWall Rearing": 0.546574056148529, "PrecisionWall Rearing": 0.1211988627910614, "RecallWall Rearing": 0.3863319456577301, "PRCWall Rearing": 0.12399314343929291, "_wandb": {"runtime": 320}}