{"lossMid Rearing": 0.39078211784362793, "_timestamp": 1698008644.790609, "_runtime": 349.03007078170776, "_step": 8, "TruePositivesMid Rearing": 708.0, "FalsePositivesMid Rearing": 2881.0, "TrueNegativesMid Rearing": 26064.0, "FalseNegativesMid Rearing": 2747.0, "AccuracyMid Rearing": 0.8262962698936462, "PrecisionMid Rearing": 0.19726943969726562, "RecallMid Rearing": 0.20492041110992432, "PRCMid Rearing": 0.1583489626646042, "_wandb": {"runtime": 347}}