{"lossWall Rearing": 0.8313907980918884, "_timestamp": 1698008973.1236851, "_runtime": 323.75816011428833, "_step": 8, "TruePositivesWall Rearing": 2394.0, "FalsePositivesWall Rearing": 14370.0, "TrueNegativesWall Rearing": 13728.0, "FalseNegativesWall Rearing": 1908.0, "AccuracyWall Rearing": 0.49759259819984436, "PrecisionWall Rearing": 0.1428060084581375, "RecallWall Rearing": 0.5564853549003601, "PRCWall Rearing": 0.13815784454345703, "_wandb": {"runtime": 322}}