{"lossGrooming": 0.533698558807373, "_timestamp": 1697970218.447642, "_runtime": 321.8560240268707, "_step": 8, "TruePositivesGrooming": 612.0, "FalsePositivesGrooming": 5834.0, "TrueNegativesGrooming": 24259.0, "FalseNegativesGrooming": 1695.0, "AccuracyGrooming": 0.7676234841346741, "PrecisionGrooming": 0.0949425995349884, "RecallGrooming": 0.2652795910835266, "PRCGrooming": 0.0849127471446991, "_wandb": {"runtime": 321}}