{"Behaviour": "Grooming", "_timestamp": 1697887796.9363341, "_runtime": 329.8576331138611, "_step": 9, "loss": 0.6483809947967529, "TruePositives": 229.0, "FalsePositives": 5855.0, "TrueNegatives": 24238.0, "FalseNegatives": 2078.0, "Accuracy": 0.7551543116569519, "Precision": 0.03763971105217934, "Recall": 0.09926310926675797, "PRC": 0.05381379649043083, "_wandb": {"runtime": 329}}