{"lossMid Rearing": 0.5162688493728638, "_timestamp": 1697906708.667671, "_runtime": 345.7557508945465, "_step": 8, "TruePositivesMid Rearing": 478.0, "FalsePositivesMid Rearing": 2730.0, "TrueNegativesMid Rearing": 26215.0, "FalseNegativesMid Rearing": 2977.0, "AccuracyMid Rearing": 0.8238580226898193, "PrecisionMid Rearing": 0.14900249242782593, "RecallMid Rearing": 0.1383502185344696, "PRCMid Rearing": 0.12283799052238464, "_wandb": {"runtime": 344}}