{"lossGrooming": 0.7077106833457947, "_timestamp": 1698067390.238066, "_runtime": 332.49902296066284, "_step": 8, "TruePositivesGrooming": 489.0, "FalsePositivesGrooming": 7598.0, "TrueNegativesGrooming": 22495.0, "FalseNegativesGrooming": 1818.0, "AccuracyGrooming": 0.7093827128410339, "PrecisionGrooming": 0.060467418283224106, "RecallGrooming": 0.21196359395980835, "PRCGrooming": 0.07283362746238708, "_wandb": {"runtime": 331}}