{"lossGrooming": 0.4016045928001404, "_timestamp": 1698068421.931832, "_runtime": 322.0809750556946, "_step": 8, "TruePositivesGrooming": 53.0, "FalsePositivesGrooming": 2125.0, "TrueNegativesGrooming": 27968.0, "FalseNegativesGrooming": 2254.0, "AccuracyGrooming": 0.8648456931114197, "PrecisionGrooming": 0.024334251880645752, "RecallGrooming": 0.022973557934165, "PRCGrooming": 0.052918095141649246, "_wandb": {"runtime": 321}}