{"lossMid Rearing": 0.4460201561450958, "_timestamp": 1698002350.97375, "_runtime": 335.96541118621826, "_step": 8, "TruePositivesMid Rearing": 638.0, "FalsePositivesMid Rearing": 3094.0, "TrueNegativesMid Rearing": 25851.0, "FalseNegativesMid Rearing": 2817.0, "AccuracyMid Rearing": 0.8175617456436157, "PrecisionMid Rearing": 0.1709539145231247, "RecallMid Rearing": 0.1846599131822586, "PRCMid Rearing": 0.14707081019878387, "_wandb": {"runtime": 334}}