{"lossMid Rearing": 0.4142816960811615, "_timestamp": 1697987048.38066, "_runtime": 334.55276012420654, "_step": 8, "TruePositivesMid Rearing": 625.0, "FalsePositivesMid Rearing": 2473.0, "TrueNegativesMid Rearing": 26472.0, "FalseNegativesMid Rearing": 2830.0, "AccuracyMid Rearing": 0.8363271355628967, "PrecisionMid Rearing": 0.20174306631088257, "RecallMid Rearing": 0.18089725077152252, "PRCMid Rearing": 0.15847329795360565, "_wandb": {"runtime": 333}}