{"lossMid Rearing": 0.6179715394973755, "_timestamp": 1697967503.7836952, "_runtime": 344.95077419281006, "_step": 8, "TruePositivesMid Rearing": 1105.0, "FalsePositivesMid Rearing": 6370.0, "TrueNegativesMid Rearing": 22575.0, "FalseNegativesMid Rearing": 2350.0, "AccuracyMid Rearing": 0.7308642268180847, "PrecisionMid Rearing": 0.14782609045505524, "RecallMid Rearing": 0.3198263347148895, "PRCMid Rearing": 0.12565374374389648, "_wandb": {"runtime": 342}}