{"lossWall Rearing": 0.6114367246627808, "_timestamp": 1697899888.892419, "_runtime": 320.57569217681885, "_step": 8, "TruePositivesWall Rearing": 1039.0, "FalsePositivesWall Rearing": 6296.0, "TrueNegativesWall Rearing": 21802.0, "FalseNegativesWall Rearing": 3263.0, "AccuracyWall Rearing": 0.7049691081047058, "PrecisionWall Rearing": 0.14164961874485016, "RecallWall Rearing": 0.24151557683944702, "PRCWall Rearing": 0.14865902066230774, "_wandb": {"runtime": 319}}