{"lossMid Rearing": 0.45116302371025085, "_timestamp": 1697898537.4779499, "_runtime": 331.42423486709595, "_step": 8, "TruePositivesMid Rearing": 687.0, "FalsePositivesMid Rearing": 2935.0, "TrueNegativesMid Rearing": 26010.0, "FalseNegativesMid Rearing": 2768.0, "AccuracyMid Rearing": 0.8239814639091492, "PrecisionMid Rearing": 0.18967421352863312, "RecallMid Rearing": 0.19884225726127625, "PRCMid Rearing": 0.14677149057388306, "_wandb": {"runtime": 329}}