{"lossWall Rearing": 0.6696364879608154, "_timestamp": 1697990459.840127, "_runtime": 324.592542886734, "_step": 8, "TruePositivesWall Rearing": 1048.0, "FalsePositivesWall Rearing": 6101.0, "TrueNegativesWall Rearing": 21997.0, "FalseNegativesWall Rearing": 3254.0, "AccuracyWall Rearing": 0.7112654447555542, "PrecisionWall Rearing": 0.14659392833709717, "RecallWall Rearing": 0.24360762536525726, "PRCWall Rearing": 0.15373724699020386, "_wandb": {"runtime": 322}}