{"lossGrooming": 0.46164530515670776, "_timestamp": 1698069824.660558, "_runtime": 338.2933909893036, "_step": 8, "TruePositivesGrooming": 226.0, "FalsePositivesGrooming": 3362.0, "TrueNegativesGrooming": 26731.0, "FalseNegativesGrooming": 2081.0, "AccuracyGrooming": 0.8320061564445496, "PrecisionGrooming": 0.06298773735761642, "RecallGrooming": 0.09796272218227386, "PRCGrooming": 0.06733723729848862, "_wandb": {"runtime": 337}}