{"lossWall Rearing": 0.711682140827179, "_timestamp": 1698005776.823416, "_runtime": 327.40295600891113, "_step": 8, "TruePositivesWall Rearing": 1102.0, "FalsePositivesWall Rearing": 7227.0, "TrueNegativesWall Rearing": 20871.0, "FalseNegativesWall Rearing": 3200.0, "AccuracyWall Rearing": 0.6781790256500244, "PrecisionWall Rearing": 0.13230879604816437, "RecallWall Rearing": 0.2561599314212799, "PRCWall Rearing": 0.13337911665439606, "_wandb": {"runtime": 325}}