{"lossWall Rearing": 0.5972987413406372, "_timestamp": 1697925553.677175, "_runtime": 324.2686221599579, "_step": 8, "TruePositivesWall Rearing": 1250.0, "FalsePositivesWall Rearing": 6037.0, "TrueNegativesWall Rearing": 22061.0, "FalseNegativesWall Rearing": 3052.0, "AccuracyWall Rearing": 0.7194753289222717, "PrecisionWall Rearing": 0.1715383529663086, "RecallWall Rearing": 0.29056254029273987, "PRCWall Rearing": 0.16273072361946106, "_wandb": {"runtime": 322}}