{"lossGrooming": 0.6173426508903503, "_timestamp": 1697962025.90577, "_runtime": 333.8387520313263, "_step": 8, "TruePositivesGrooming": 612.0, "FalsePositivesGrooming": 6599.0, "TrueNegativesGrooming": 23494.0, "FalseNegativesGrooming": 1695.0, "AccuracyGrooming": 0.7440123558044434, "PrecisionGrooming": 0.0848703384399414, "RecallGrooming": 0.2652795910835266, "PRCGrooming": 0.08321785181760788, "_wandb": {"runtime": 333}}