{"lossWall Rearing": 0.7111929655075073, "_timestamp": 1698028494.0730639, "_runtime": 322.56156873703003, "_step": 8, "TruePositivesWall Rearing": 1709.0, "FalsePositivesWall Rearing": 9441.0, "TrueNegativesWall Rearing": 18657.0, "FalseNegativesWall Rearing": 2593.0, "AccuracyWall Rearing": 0.6285802721977234, "PrecisionWall Rearing": 0.1532735377550125, "RecallWall Rearing": 0.39725708961486816, "PRCWall Rearing": 0.16190503537654877, "_wandb": {"runtime": 321}}