{"lossMid Rearing": 0.4701867699623108, "_timestamp": 1697977753.9706812, "_runtime": 351.9289622306824, "_step": 8, "TruePositivesMid Rearing": 600.0, "FalsePositivesMid Rearing": 2963.0, "TrueNegativesMid Rearing": 25982.0, "FalseNegativesMid Rearing": 2855.0, "AccuracyMid Rearing": 0.8204321265220642, "PrecisionMid Rearing": 0.16839741170406342, "RecallMid Rearing": 0.17366136610507965, "PRCMid Rearing": 0.14426298439502716, "_wandb": {"runtime": 350}}