{"lossGrooming": 0.5664324164390564, "_timestamp": 1698070162.320003, "_runtime": 321.95019006729126, "_step": 8, "TruePositivesGrooming": 703.0, "FalsePositivesGrooming": 6137.0, "TrueNegativesGrooming": 23956.0, "FalseNegativesGrooming": 1604.0, "AccuracyGrooming": 0.761080265045166, "PrecisionGrooming": 0.10277777910232544, "RecallGrooming": 0.3047247529029846, "PRCGrooming": 0.10152576863765717, "_wandb": {"runtime": 321}}