{"lossGrooming": 0.45044243335723877, "_timestamp": 1697964081.709001, "_runtime": 336.2771461009979, "_step": 8, "TruePositivesGrooming": 205.0, "FalsePositivesGrooming": 3056.0, "TrueNegativesGrooming": 27037.0, "FalseNegativesGrooming": 2102.0, "AccuracyGrooming": 0.8408024907112122, "PrecisionGrooming": 0.06286415457725525, "RecallGrooming": 0.08885999023914337, "PRCGrooming": 0.06109201908111572, "_wandb": {"runtime": 335}}