{"lossWall Rearing": 0.7643410563468933, "_timestamp": 1697965782.821337, "_runtime": 313.6100060939789, "_step": 8, "TruePositivesWall Rearing": 2362.0, "FalsePositivesWall Rearing": 12904.0, "TrueNegativesWall Rearing": 15194.0, "FalseNegativesWall Rearing": 1940.0, "AccuracyWall Rearing": 0.5418518781661987, "PrecisionWall Rearing": 0.1547229140996933, "RecallWall Rearing": 0.5490469336509705, "PRCWall Rearing": 0.19037628173828125, "_wandb": {"runtime": 312}}