{"lossGrooming": 0.8212321400642395, "_timestamp": 1697898199.0078568, "_runtime": 330.27743792533875, "_step": 8, "TruePositivesGrooming": 977.0, "FalsePositivesGrooming": 11488.0, "TrueNegativesGrooming": 18605.0, "FalseNegativesGrooming": 1330.0, "AccuracyGrooming": 0.6043826937675476, "PrecisionGrooming": 0.07837945967912674, "RecallGrooming": 0.42349371314048767, "PRCGrooming": 0.10467351973056793, "_wandb": {"runtime": 328}}