{"lossGrooming": 0.32649388909339905, "_timestamp": 1698013477.411594, "_runtime": 348.0285530090332, "_step": 8, "TruePositivesGrooming": 14.0, "FalsePositivesGrooming": 131.0, "TrueNegativesGrooming": 29962.0, "FalseNegativesGrooming": 2293.0, "AccuracyGrooming": 0.9251852035522461, "PrecisionGrooming": 0.09655172377824783, "RecallGrooming": 0.00606848718598485, "PRCGrooming": 0.057760126888751984, "_wandb": {"runtime": 347}}