{"lossWall Rearing": 0.7694132328033447, "_timestamp": 1697916222.021305, "_runtime": 330.9207441806793, "_step": 8, "TruePositivesWall Rearing": 1629.0, "FalsePositivesWall Rearing": 9682.0, "TrueNegativesWall Rearing": 18416.0, "FalseNegativesWall Rearing": 2673.0, "AccuracyWall Rearing": 0.6186728477478027, "PrecisionWall Rearing": 0.14401909708976746, "RecallWall Rearing": 0.3786610960960388, "PRCWall Rearing": 0.14065499603748322, "_wandb": {"runtime": 329}}