{"lossWall Rearing": 0.5082076191902161, "_timestamp": 1697972936.171488, "_runtime": 321.7429530620575, "_step": 8, "TruePositivesWall Rearing": 750.0, "FalsePositivesWall Rearing": 3326.0, "TrueNegativesWall Rearing": 24772.0, "FalseNegativesWall Rearing": 3552.0, "AccuracyWall Rearing": 0.7877160310745239, "PrecisionWall Rearing": 0.18400391936302185, "RecallWall Rearing": 0.17433752119541168, "PRCWall Rearing": 0.1587187647819519, "_wandb": {"runtime": 320}}