{"lossGrooming": 0.3870525360107422, "_timestamp": 1698024754.1550531, "_runtime": 334.57778215408325, "_step": 8, "TruePositivesGrooming": 179.0, "FalsePositivesGrooming": 1426.0, "TrueNegativesGrooming": 28667.0, "FalseNegativesGrooming": 2128.0, "AccuracyGrooming": 0.8903086185455322, "PrecisionGrooming": 0.1115264818072319, "RecallGrooming": 0.07758994400501251, "PRCGrooming": 0.07708488404750824, "_wandb": {"runtime": 334}}