{"lossGrooming": 0.7640646696090698, "_timestamp": 1697929981.572939, "_runtime": 334.140909910202, "_step": 8, "TruePositivesGrooming": 794.0, "FalsePositivesGrooming": 10708.0, "TrueNegativesGrooming": 19385.0, "FalseNegativesGrooming": 1513.0, "AccuracyGrooming": 0.6228086352348328, "PrecisionGrooming": 0.06903146952390671, "RecallGrooming": 0.3441699147224426, "PRCGrooming": 0.06411657482385635, "_wandb": {"runtime": 333}}