{"lossMid Rearing": 0.4806080460548401, "_timestamp": 1697979840.6279612, "_runtime": 340.95483326911926, "_step": 8, "TruePositivesMid Rearing": 418.0, "FalsePositivesMid Rearing": 2089.0, "TrueNegativesMid Rearing": 26856.0, "FalseNegativesMid Rearing": 3037.0, "AccuracyMid Rearing": 0.8417901396751404, "PrecisionMid Rearing": 0.16673314571380615, "RecallMid Rearing": 0.12098407745361328, "PRCMid Rearing": 0.13142995536327362, "_wandb": {"runtime": 339}}