{"lossGrooming": 0.34357738494873047, "_timestamp": 1698483383.5107908, "_runtime": 326.7361989021301, "_step": 8, "TruePositivesGrooming": 105.0, "FalsePositivesGrooming": 1404.0, "TrueNegativesGrooming": 28689.0, "FalseNegativesGrooming": 2202.0, "AccuracyGrooming": 0.8887037038803101, "PrecisionGrooming": 0.0695825070142746, "RecallGrooming": 0.04551365226507187, "PRCGrooming": 0.07155191898345947, "_wandb": {"runtime": 325}}