{"lossWall Rearing": 0.5892735719680786, "_timestamp": 1698018248.637781, "_runtime": 319.58016300201416, "_step": 8, "TruePositivesWall Rearing": 1085.0, "FalsePositivesWall Rearing": 5337.0, "TrueNegativesWall Rearing": 22761.0, "FalseNegativesWall Rearing": 3217.0, "AccuracyWall Rearing": 0.735987663269043, "PrecisionWall Rearing": 0.16895048320293427, "RecallWall Rearing": 0.25220826268196106, "PRCWall Rearing": 0.15692071616649628, "_wandb": {"runtime": 318}}