{"lossGrooming": 0.7080608010292053, "_timestamp": 1697944456.03003, "_runtime": 336.3713479042053, "_step": 8, "TruePositivesGrooming": 1261.0, "FalsePositivesGrooming": 9578.0, "TrueNegativesGrooming": 20515.0, "FalseNegativesGrooming": 1046.0, "AccuracyGrooming": 0.6720987558364868, "PrecisionGrooming": 0.11633914709091187, "RecallGrooming": 0.5465973019599915, "PRCGrooming": 0.14174965023994446, "_wandb": {"runtime": 334}}