{"lossWall Rearing": 0.7434921860694885, "_timestamp": 1698023393.62885, "_runtime": 325.77676701545715, "_step": 8, "TruePositivesWall Rearing": 1926.0, "FalsePositivesWall Rearing": 11837.0, "TrueNegativesWall Rearing": 16261.0, "FalseNegativesWall Rearing": 2376.0, "AccuracyWall Rearing": 0.5613271594047546, "PrecisionWall Rearing": 0.13994042575359344, "RecallWall Rearing": 0.4476987421512604, "PRCWall Rearing": 0.1526367962360382, "_wandb": {"runtime": 324}}