{"lossWall Rearing": 0.5736059546470642, "_timestamp": 1697912130.3322601, "_runtime": 322.0526530742645, "_step": 8, "TruePositivesWall Rearing": 891.0, "FalsePositivesWall Rearing": 5812.0, "TrueNegativesWall Rearing": 22286.0, "FalseNegativesWall Rearing": 3411.0, "AccuracyWall Rearing": 0.7153394818305969, "PrecisionWall Rearing": 0.13292555510997772, "RecallWall Rearing": 0.20711296796798706, "PRCWall Rearing": 0.13899490237236023, "_wandb": {"runtime": 320}}