{"lossMid Rearing": 0.5466868877410889, "_timestamp": 1697973622.2999308, "_runtime": 337.55546379089355, "_step": 8, "TruePositivesMid Rearing": 802.0, "FalsePositivesMid Rearing": 4275.0, "TrueNegativesMid Rearing": 24670.0, "FalseNegativesMid Rearing": 2653.0, "AccuracyMid Rearing": 0.7861728668212891, "PrecisionMid Rearing": 0.15796729922294617, "RecallMid Rearing": 0.2321273535490036, "PRCMid Rearing": 0.1373434066772461, "_wandb": {"runtime": 336}}