{"lossWall Rearing": 0.5752705335617065, "_timestamp": 1697898872.660394, "_runtime": 328.6837110519409, "_step": 8, "TruePositivesWall Rearing": 1457.0, "FalsePositivesWall Rearing": 8805.0, "TrueNegativesWall Rearing": 19293.0, "FalseNegativesWall Rearing": 2845.0, "AccuracyWall Rearing": 0.6404321193695068, "PrecisionWall Rearing": 0.1419801265001297, "RecallWall Rearing": 0.3386796712875366, "PRCWall Rearing": 0.14837157726287842, "_wandb": {"runtime": 327}}