{"lossWall Rearing": 0.6886375546455383, "_timestamp": 1698024406.408216, "_runtime": 317.25791096687317, "_step": 8, "TruePositivesWall Rearing": 1093.0, "FalsePositivesWall Rearing": 7537.0, "TrueNegativesWall Rearing": 20561.0, "FalseNegativesWall Rearing": 3209.0, "AccuracyWall Rearing": 0.6683333516120911, "PrecisionWall Rearing": 0.12665121257305145, "RecallWall Rearing": 0.25406786799430847, "PRCWall Rearing": 0.13812488317489624, "_wandb": {"runtime": 315}}