{"lossWall Rearing": 0.659395158290863, "_timestamp": 1697940996.601887, "_runtime": 318.1016139984131, "_step": 8, "TruePositivesWall Rearing": 1627.0, "FalsePositivesWall Rearing": 8278.0, "TrueNegativesWall Rearing": 19820.0, "FalseNegativesWall Rearing": 2675.0, "AccuracyWall Rearing": 0.6619444489479065, "PrecisionWall Rearing": 0.16426047682762146, "RecallWall Rearing": 0.37819617986679077, "PRCWall Rearing": 0.18215274810791016, "_wandb": {"runtime": 316}}