{"lossWall Rearing": 0.6345447301864624, "_timestamp": 1698037758.8173802, "_runtime": 323.89410519599915, "_step": 8, "TruePositivesWall Rearing": 1604.0, "FalsePositivesWall Rearing": 7052.0, "TrueNegativesWall Rearing": 21046.0, "FalseNegativesWall Rearing": 2698.0, "AccuracyWall Rearing": 0.6990740895271301, "PrecisionWall Rearing": 0.18530498445034027, "RecallWall Rearing": 0.37284985184669495, "PRCWall Rearing": 0.17185841500759125, "_wandb": {"runtime": 322}}