{"lossMid Rearing": 0.46320709586143494, "_timestamp": 1697907719.0743182, "_runtime": 331.153085231781, "_step": 8, "TruePositivesMid Rearing": 502.0, "FalsePositivesMid Rearing": 2227.0, "TrueNegativesMid Rearing": 26718.0, "FalseNegativesMid Rearing": 2953.0, "AccuracyMid Rearing": 0.8401234745979309, "PrecisionMid Rearing": 0.18395017087459564, "RecallMid Rearing": 0.14529667794704437, "PRCMid Rearing": 0.1516353189945221, "_wandb": {"runtime": 329}}