{"lossGrooming": 0.37193334102630615, "_timestamp": 1698007206.292447, "_runtime": 343.7545201778412, "_step": 8, "TruePositivesGrooming": 211.0, "FalsePositivesGrooming": 2095.0, "TrueNegativesGrooming": 27998.0, "FalseNegativesGrooming": 2096.0, "AccuracyGrooming": 0.8706481456756592, "PrecisionGrooming": 0.0915004312992096, "RecallGrooming": 0.09146077185869217, "PRCGrooming": 0.0910896360874176, "_wandb": {"runtime": 342}}