{"lossGrooming": 0.3998108208179474, "_timestamp": 1698077150.742741, "_runtime": 326.5459101200104, "_step": 8, "TruePositivesGrooming": 197.0, "FalsePositivesGrooming": 1653.0, "TrueNegativesGrooming": 28440.0, "FalseNegativesGrooming": 2110.0, "AccuracyGrooming": 0.8838580250740051, "PrecisionGrooming": 0.1064864844083786, "RecallGrooming": 0.08539228141307831, "PRCGrooming": 0.08817275613546371, "_wandb": {"runtime": 325}}