{"lossGrooming": 0.3767853379249573, "_timestamp": 1698063201.46095, "_runtime": 337.2797758579254, "_step": 8, "TruePositivesGrooming": 92.0, "FalsePositivesGrooming": 2089.0, "TrueNegativesGrooming": 28004.0, "FalseNegativesGrooming": 2215.0, "AccuracyGrooming": 0.8671604990959167, "PrecisionGrooming": 0.04218248650431633, "RecallGrooming": 0.03987862914800644, "PRCGrooming": 0.060416337102651596, "_wandb": {"runtime": 336}}