{"lossGrooming": 0.37532955408096313, "_timestamp": 1698009311.139241, "_runtime": 322.8017990589142, "_step": 8, "TruePositivesGrooming": 150.0, "FalsePositivesGrooming": 1580.0, "TrueNegativesGrooming": 28513.0, "FalseNegativesGrooming": 2157.0, "AccuracyGrooming": 0.8846604824066162, "PrecisionGrooming": 0.08670520037412643, "RecallGrooming": 0.06501950323581696, "PRCGrooming": 0.08360515534877777, "_wandb": {"runtime": 322}}