{"lossWall Rearing": 0.6491863131523132, "_timestamp": 1697948283.631574, "_runtime": 324.54097986221313, "_step": 8, "TruePositivesWall Rearing": 1302.0, "FalsePositivesWall Rearing": 7149.0, "TrueNegativesWall Rearing": 20949.0, "FalseNegativesWall Rearing": 3000.0, "AccuracyWall Rearing": 0.6867592334747314, "PrecisionWall Rearing": 0.1540646106004715, "RecallWall Rearing": 0.30264994502067566, "PRCWall Rearing": 0.15955407917499542, "_wandb": {"runtime": 322}}