{"lossWall Rearing": 0.9285805821418762, "_timestamp": 1697929630.768939, "_runtime": 316.05075097084045, "_step": 8, "TruePositivesWall Rearing": 2400.0, "FalsePositivesWall Rearing": 14345.0, "TrueNegativesWall Rearing": 13753.0, "FalseNegativesWall Rearing": 1902.0, "AccuracyWall Rearing": 0.49854937195777893, "PrecisionWall Rearing": 0.14332637190818787, "RecallWall Rearing": 0.5578800439834595, "PRCWall Rearing": 0.15402638912200928, "_wandb": {"runtime": 314}}