{"lossGrooming": 0.35220280289649963, "_timestamp": 1698050640.943452, "_runtime": 339.371661901474, "_step": 8, "TruePositivesGrooming": 121.0, "FalsePositivesGrooming": 1454.0, "TrueNegativesGrooming": 28639.0, "FalseNegativesGrooming": 2186.0, "AccuracyGrooming": 0.8876543045043945, "PrecisionGrooming": 0.07682539522647858, "RecallGrooming": 0.0524490661919117, "PRCGrooming": 0.08661548793315887, "_wandb": {"runtime": 338}}