{"lossWall Rearing": 0.5394328236579895, "_timestamp": 1697955518.109768, "_runtime": 320.97484493255615, "_step": 8, "TruePositivesWall Rearing": 652.0, "FalsePositivesWall Rearing": 4298.0, "TrueNegativesWall Rearing": 23800.0, "FalseNegativesWall Rearing": 3650.0, "AccuracyWall Rearing": 0.7546913623809814, "PrecisionWall Rearing": 0.13171717524528503, "RecallWall Rearing": 0.15155741572380066, "PRCWall Rearing": 0.1431679129600525, "_wandb": {"runtime": 319}}