{"lossWall Rearing": 0.47745653986930847, "_timestamp": 1698045975.650524, "_runtime": 326.79870080947876, "_step": 8, "TruePositivesWall Rearing": 306.0, "FalsePositivesWall Rearing": 1431.0, "TrueNegativesWall Rearing": 26667.0, "FalseNegativesWall Rearing": 3996.0, "AccuracyWall Rearing": 0.8324999809265137, "PrecisionWall Rearing": 0.17616580426692963, "RecallWall Rearing": 0.071129709482193, "PRCWall Rearing": 0.1503690779209137, "_wandb": {"runtime": 325}}