{"lossGrooming": 0.4649299383163452, "_timestamp": 1697919704.444274, "_runtime": 342.8108789920807, "_step": 8, "TruePositivesGrooming": 11.0, "FalsePositivesGrooming": 294.0, "TrueNegativesGrooming": 29799.0, "FalseNegativesGrooming": 2296.0, "AccuracyGrooming": 0.9200617074966431, "PrecisionGrooming": 0.03606557473540306, "RecallGrooming": 0.004768097307533026, "PRCGrooming": 0.05966823175549507, "_wandb": {"runtime": 342}}