{"loss": 0.6174002289772034, "_timestamp": 1697715084.873277, "_runtime": 335.54390501976013, "_step": 0, "_wandb": {"runtime": 338}}