{"lossMid Rearing": 0.48657622933387756, "_timestamp": 1698014877.138249, "_runtime": 361.49703097343445, "_step": 8, "TruePositivesMid Rearing": 601.0, "FalsePositivesMid Rearing": 3130.0, "TrueNegativesMid Rearing": 25815.0, "FalseNegativesMid Rearing": 2854.0, "AccuracyMid Rearing": 0.8153086304664612, "PrecisionMid Rearing": 0.16108281910419464, "RecallMid Rearing": 0.17395079135894775, "PRCMid Rearing": 0.13282369077205658, "_wandb": {"runtime": 359}}