{"lossGrooming": 0.4584546983242035, "_timestamp": 1698089333.723543, "_runtime": 340.8674809932709, "_step": 8, "TruePositivesGrooming": 202.0, "FalsePositivesGrooming": 3636.0, "TrueNegativesGrooming": 26457.0, "FalseNegativesGrooming": 2105.0, "AccuracyGrooming": 0.8228086233139038, "PrecisionGrooming": 0.05263157933950424, "RecallGrooming": 0.08755960315465927, "PRCGrooming": 0.058933719992637634, "_wandb": {"runtime": 340}}