{"lossGrooming": 0.3124462366104126, "_timestamp": 1697948649.736956, "_runtime": 351.47323083877563, "_step": 8, "TruePositivesGrooming": 73.0, "FalsePositivesGrooming": 814.0, "TrueNegativesGrooming": 29279.0, "FalseNegativesGrooming": 2234.0, "AccuracyGrooming": 0.9059259295463562, "PrecisionGrooming": 0.08229988813400269, "RecallGrooming": 0.03164282441139221, "PRCGrooming": 0.07060134410858154, "_wandb": {"runtime": 350}}