{"lossGrooming": 0.4260390102863312, "_timestamp": 1697928955.483449, "_runtime": 326.56584000587463, "_step": 8, "TruePositivesGrooming": 161.0, "FalsePositivesGrooming": 1366.0, "TrueNegativesGrooming": 28727.0, "FalseNegativesGrooming": 2146.0, "AccuracyGrooming": 0.8916049599647522, "PrecisionGrooming": 0.10543549805879593, "RecallGrooming": 0.06978760659694672, "PRCGrooming": 0.07481543719768524, "_wandb": {"runtime": 325}}