{"lossGrooming": 0.5548868775367737, "_timestamp": 1698075055.1895611, "_runtime": 330.8709502220154, "_step": 8, "TruePositivesGrooming": 875.0, "FalsePositivesGrooming": 7234.0, "TrueNegativesGrooming": 22859.0, "FalseNegativesGrooming": 1432.0, "AccuracyGrooming": 0.7325308918952942, "PrecisionGrooming": 0.10790479928255081, "RecallGrooming": 0.3792804479598999, "PRCGrooming": 0.10670313239097595, "_wandb": {"runtime": 329}}