{"lossGrooming": 0.5603672862052917, "_timestamp": 1698046326.840954, "_runtime": 334.16610407829285, "_step": 8, "TruePositivesGrooming": 500.0, "FalsePositivesGrooming": 5634.0, "TrueNegativesGrooming": 24459.0, "FalseNegativesGrooming": 1807.0, "AccuracyGrooming": 0.7703394889831543, "PrecisionGrooming": 0.08151287585496902, "RecallGrooming": 0.21673168241977692, "PRCGrooming": 0.07131396234035492, "_wandb": {"runtime": 332}}