{"lossWall Rearing": 0.6035804152488708, "_timestamp": 1697902934.011754, "_runtime": 322.7003400325775, "_step": 8, "TruePositivesWall Rearing": 857.0, "FalsePositivesWall Rearing": 4651.0, "TrueNegativesWall Rearing": 23447.0, "FalseNegativesWall Rearing": 3445.0, "AccuracyWall Rearing": 0.7501234412193298, "PrecisionWall Rearing": 0.15559186041355133, "RecallWall Rearing": 0.19920967519283295, "PRCWall Rearing": 0.15477348864078522, "_wandb": {"runtime": 321}}