{"lossMid Rearing": 0.52059406042099, "_timestamp": 1697986036.2508311, "_runtime": 357.27477407455444, "_step": 8, "TruePositivesMid Rearing": 860.0, "FalsePositivesMid Rearing": 4270.0, "TrueNegativesMid Rearing": 24675.0, "FalseNegativesMid Rearing": 2595.0, "AccuracyMid Rearing": 0.7881172895431519, "PrecisionMid Rearing": 0.16764132678508759, "RecallMid Rearing": 0.24891461431980133, "PRCMid Rearing": 0.13851158320903778, "_wandb": {"runtime": 355}}