{"lossWall Rearing": 0.5535345673561096, "_timestamp": 1697897851.793459, "_runtime": 321.5487699508667, "_step": 8, "TruePositivesWall Rearing": 1295.0, "FalsePositivesWall Rearing": 6951.0, "TrueNegativesWall Rearing": 21147.0, "FalseNegativesWall Rearing": 3007.0, "AccuracyWall Rearing": 0.6926543116569519, "PrecisionWall Rearing": 0.15704584121704102, "RecallWall Rearing": 0.3010227680206299, "PRCWall Rearing": 0.15702557563781738, "_wandb": {"runtime": 319}}