{"lossGrooming": 0.6668243408203125, "_timestamp": 1697994896.174371, "_runtime": 326.2841811180115, "_step": 8, "TruePositivesGrooming": 532.0, "FalsePositivesGrooming": 6690.0, "TrueNegativesGrooming": 23403.0, "FalseNegativesGrooming": 1775.0, "AccuracyGrooming": 0.7387345433235168, "PrecisionGrooming": 0.07366380840539932, "RecallGrooming": 0.23060251772403717, "PRCGrooming": 0.07458823174238205, "_wandb": {"runtime": 325}}