{"lossGrooming": 0.35043466091156006, "_timestamp": 1697897169.1322849, "_runtime": 346.3649139404297, "_step": 8, "TruePositivesGrooming": 36.0, "FalsePositivesGrooming": 1588.0, "TrueNegativesGrooming": 28505.0, "FalseNegativesGrooming": 2271.0, "AccuracyGrooming": 0.8808950781822205, "PrecisionGrooming": 0.02216748706996441, "RecallGrooming": 0.015604681335389614, "PRCGrooming": 0.05759119987487793, "_wandb": {"runtime": 345}}