{"lossMid Rearing": 0.4821774661540985, "_timestamp": 1697943762.457527, "_runtime": 351.9044740200043, "_step": 8, "TruePositivesMid Rearing": 552.0, "FalsePositivesMid Rearing": 2697.0, "TrueNegativesMid Rearing": 26248.0, "FalseNegativesMid Rearing": 2903.0, "AccuracyMid Rearing": 0.8271604776382446, "PrecisionMid Rearing": 0.16989843547344208, "RecallMid Rearing": 0.15976844727993011, "PRCMid Rearing": 0.13447146117687225, "_wandb": {"runtime": 350}}