{"lossGrooming": 0.41223278641700745, "_timestamp": 1698058272.5701919, "_runtime": 337.97094678878784, "_step": 8, "TruePositivesGrooming": 331.0, "FalsePositivesGrooming": 3110.0, "TrueNegativesGrooming": 26983.0, "FalseNegativesGrooming": 1976.0, "AccuracyGrooming": 0.8430246710777283, "PrecisionGrooming": 0.09619297087192535, "RecallGrooming": 0.14347638189792633, "PRCGrooming": 0.07970280945301056, "_wandb": {"runtime": 337}}