{"lossMid Rearing": 0.4372609853744507, "_timestamp": 1698000317.081741, "_runtime": 341.2914161682129, "_step": 8, "TruePositivesMid Rearing": 846.0, "FalsePositivesMid Rearing": 3270.0, "TrueNegativesMid Rearing": 25675.0, "FalseNegativesMid Rearing": 2609.0, "AccuracyMid Rearing": 0.818549394607544, "PrecisionMid Rearing": 0.20553936064243317, "RecallMid Rearing": 0.24486251175403595, "PRCMid Rearing": 0.17238205671310425, "_wandb": {"runtime": 339}}