{"loss": 0.4533776640892029, "metrics": [312.0, 3526.0, 26567.0, 1995.0, 0.8295987844467163, 0.08129233866930008, 0.1352405697107315, 0.06813451647758484], "_timestamp": 1697717064.995636, "_runtime": 334.9740710258484, "_step": 0, "_wandb": {"runtime": 334}}