{"lossMid Rearing": 0.737079918384552, "_timestamp": 1698035368.266447, "_runtime": 342.3739869594574, "_step": 8, "TruePositivesMid Rearing": 2032.0, "FalsePositivesMid Rearing": 12137.0, "TrueNegativesMid Rearing": 16808.0, "FalseNegativesMid Rearing": 1423.0, "AccuracyMid Rearing": 0.5814814567565918, "PrecisionMid Rearing": 0.14341166615486145, "RecallMid Rearing": 0.5881331562995911, "PRCMid Rearing": 0.14725755155086517, "_wandb": {"runtime": 340}}