{"lossGrooming": 0.5371307730674744, "_timestamp": 1698084103.404758, "_runtime": 335.5110058784485, "_step": 8, "TruePositivesGrooming": 472.0, "FalsePositivesGrooming": 6310.0, "TrueNegativesGrooming": 23783.0, "FalseNegativesGrooming": 1835.0, "AccuracyGrooming": 0.7486110925674438, "PrecisionGrooming": 0.06959599256515503, "RecallGrooming": 0.2045947164297104, "PRCGrooming": 0.06759733706712723, "_wandb": {"runtime": 334}}