{"lossWall Rearing": 0.7368723750114441, "_timestamp": 1697917279.5345018, "_runtime": 332.5189619064331, "_step": 8, "TruePositivesWall Rearing": 1717.0, "FalsePositivesWall Rearing": 10873.0, "TrueNegativesWall Rearing": 17225.0, "FalseNegativesWall Rearing": 2585.0, "AccuracyWall Rearing": 0.5846296548843384, "PrecisionWall Rearing": 0.13637807965278625, "RecallWall Rearing": 0.3991166949272156, "PRCWall Rearing": 0.15406884253025055, "_wandb": {"runtime": 330}}