{"lossMid Rearing": 0.4859764575958252, "_timestamp": 1697927270.1910331, "_runtime": 339.36223101615906, "_step": 8, "TruePositivesMid Rearing": 730.0, "FalsePositivesMid Rearing": 3926.0, "TrueNegativesMid Rearing": 25019.0, "FalseNegativesMid Rearing": 2725.0, "AccuracyMid Rearing": 0.7947221994400024, "PrecisionMid Rearing": 0.1567869484424591, "RecallMid Rearing": 0.2112879902124405, "PRCMid Rearing": 0.142512246966362, "_wandb": {"runtime": 337}}