{"Behaviour": "Grooming", "_timestamp": 1697885593.458503, "_runtime": 334.67162895202637, "_step": 9, "loss": 0.6115151643753052, "TruePositives": 498.0, "FalsePositives": 6232.0, "TrueNegatives": 23861.0, "FalseNegatives": 1809.0, "Accuracy": 0.751820981502533, "Precision": 0.07399702817201614, "Recall": 0.21586476266384125, "PRC": 0.06999726593494415, "_wandb": {"runtime": 334}}