{"lossGrooming": 0.3803696930408478, "_timestamp": 1698048189.651495, "_runtime": 339.28355288505554, "_step": 8, "TruePositivesGrooming": 245.0, "FalsePositivesGrooming": 2042.0, "TrueNegativesGrooming": 28051.0, "FalseNegativesGrooming": 2062.0, "AccuracyGrooming": 0.8733333349227905, "PrecisionGrooming": 0.10712724179029465, "RecallGrooming": 0.10619852691888809, "PRCGrooming": 0.08621229231357574, "_wandb": {"runtime": 338}}