{"lossGrooming": 0.42116209864616394, "_timestamp": 1697989753.002958, "_runtime": 332.3752119541168, "_step": 8, "TruePositivesGrooming": 336.0, "FalsePositivesGrooming": 3198.0, "TrueNegativesGrooming": 26895.0, "FalseNegativesGrooming": 1971.0, "AccuracyGrooming": 0.8404629826545715, "PrecisionGrooming": 0.09507639706134796, "RecallGrooming": 0.1456436961889267, "PRCGrooming": 0.07623124867677689, "_wandb": {"runtime": 331}}