{"lossGrooming": 0.5109612941741943, "_timestamp": 1698041164.9497101, "_runtime": 345.11007618904114, "_step": 8, "TruePositivesGrooming": 385.0, "FalsePositivesGrooming": 4595.0, "TrueNegativesGrooming": 25498.0, "FalseNegativesGrooming": 1922.0, "AccuracyGrooming": 0.7988580465316772, "PrecisionGrooming": 0.07730923593044281, "RecallGrooming": 0.16688339412212372, "PRCGrooming": 0.06553056836128235, "_wandb": {"runtime": 344}}