{"lossGrooming": 1.1099165678024292, "_timestamp": 1698084794.558109, "_runtime": 335.9440610408783, "_step": 8, "TruePositivesGrooming": 1842.0, "FalsePositivesGrooming": 21362.0, "TrueNegativesGrooming": 8731.0, "FalseNegativesGrooming": 465.0, "AccuracyGrooming": 0.3263271749019623, "PrecisionGrooming": 0.07938286662101746, "RecallGrooming": 0.7984395027160645, "PRCGrooming": 0.09090857207775116, "_wandb": {"runtime": 335}}