{"lossMid Rearing": 0.5287104845046997, "_timestamp": 1698023063.1119921, "_runtime": 333.00417923927307, "_step": 8, "TruePositivesMid Rearing": 834.0, "FalsePositivesMid Rearing": 4358.0, "TrueNegativesMid Rearing": 24587.0, "FalseNegativesMid Rearing": 2621.0, "AccuracyMid Rearing": 0.7845987677574158, "PrecisionMid Rearing": 0.16063174605369568, "RecallMid Rearing": 0.24138928949832916, "PRCMid Rearing": 0.14167988300323486, "_wandb": {"runtime": 331}}