{"lossGrooming": 0.3987142741680145, "_timestamp": 1697899219.2552729, "_runtime": 329.99861192703247, "_step": 8, "TruePositivesGrooming": 469.0, "FalsePositivesGrooming": 3739.0, "TrueNegativesGrooming": 26354.0, "FalseNegativesGrooming": 1838.0, "AccuracyGrooming": 0.8278703689575195, "PrecisionGrooming": 0.11145437508821487, "RecallGrooming": 0.2032943218946457, "PRCGrooming": 0.07977735996246338, "_wandb": {"runtime": 329}}