{"lossWall Rearing": 0.6591628789901733, "_timestamp": 1697979136.842317, "_runtime": 328.63349509239197, "_step": 8, "TruePositivesWall Rearing": 1464.0, "FalsePositivesWall Rearing": 8191.0, "TrueNegativesWall Rearing": 19907.0, "FalseNegativesWall Rearing": 2838.0, "AccuracyWall Rearing": 0.6595987677574158, "PrecisionWall Rearing": 0.15163128077983856, "RecallWall Rearing": 0.3403068482875824, "PRCWall Rearing": 0.1504451036453247, "_wandb": {"runtime": 327}}