{"lossMid Rearing": 0.4190414249897003, "_timestamp": 1697975682.975646, "_runtime": 344.86593413352966, "_step": 8, "TruePositivesMid Rearing": 504.0, "FalsePositivesMid Rearing": 2166.0, "TrueNegativesMid Rearing": 26779.0, "FalseNegativesMid Rearing": 2951.0, "AccuracyMid Rearing": 0.8420678973197937, "PrecisionMid Rearing": 0.1887640506029129, "RecallMid Rearing": 0.14587554335594177, "PRCMid Rearing": 0.1530902087688446, "_wandb": {"runtime": 343}}