{"lossGrooming": 0.4027891457080841, "_timestamp": 1698083752.450279, "_runtime": 328.1427719593048, "_step": 8, "TruePositivesGrooming": 97.0, "FalsePositivesGrooming": 2369.0, "TrueNegativesGrooming": 27724.0, "FalseNegativesGrooming": 2210.0, "AccuracyGrooming": 0.8586728572845459, "PrecisionGrooming": 0.03933495655655861, "RecallGrooming": 0.042045947164297104, "PRCGrooming": 0.05860540270805359, "_wandb": {"runtime": 327}}