{"lossGrooming": 0.7243790030479431, "_timestamp": 1698076455.529373, "_runtime": 343.61845993995667, "_step": 8, "TruePositivesGrooming": 847.0, "FalsePositivesGrooming": 9103.0, "TrueNegativesGrooming": 20990.0, "FalseNegativesGrooming": 1460.0, "AccuracyGrooming": 0.6739814877510071, "PrecisionGrooming": 0.0851256251335144, "RecallGrooming": 0.3671434819698334, "PRCGrooming": 0.08922810852527618, "_wandb": {"runtime": 342}}