{"lossGrooming": 0.4108645021915436, "_timestamp": 1698483042.273702, "_runtime": 330.95588278770447, "_step": 8, "TruePositivesGrooming": 220.0, "FalsePositivesGrooming": 2472.0, "TrueNegativesGrooming": 27621.0, "FalseNegativesGrooming": 2087.0, "AccuracyGrooming": 0.8592901229858398, "PrecisionGrooming": 0.08172362297773361, "RecallGrooming": 0.09536194056272507, "PRCGrooming": 0.08103180676698685, "_wandb": {"runtime": 330}}