{"lossWall Rearing": 0.6715641617774963, "_timestamp": 1697998621.313953, "_runtime": 321.74646496772766, "_step": 8, "TruePositivesWall Rearing": 2017.0, "FalsePositivesWall Rearing": 11050.0, "TrueNegativesWall Rearing": 17048.0, "FalseNegativesWall Rearing": 2285.0, "AccuracyWall Rearing": 0.5884259343147278, "PrecisionWall Rearing": 0.15435831248760223, "RecallWall Rearing": 0.4688516855239868, "PRCWall Rearing": 0.1841956377029419, "_wandb": {"runtime": 320}}