{"loss": 0.5983214974403381, "_timestamp": 1697784521.3510258, "_runtime": 332.9614667892456, "_step": 0, "_wandb": {"runtime": 337}}