{"lossWall Rearing": 0.6767258048057556, "_timestamp": 1698030581.532681, "_runtime": 328.7950210571289, "_step": 8, "TruePositivesWall Rearing": 1270.0, "FalsePositivesWall Rearing": 8779.0, "TrueNegativesWall Rearing": 19319.0, "FalseNegativesWall Rearing": 3032.0, "AccuracyWall Rearing": 0.6354629397392273, "PrecisionWall Rearing": 0.12638074159622192, "RecallWall Rearing": 0.295211523771286, "PRCWall Rearing": 0.14087727665901184, "_wandb": {"runtime": 327}}