{"lossMid Rearing": 0.3887649178504944, "_timestamp": 1697964453.626249, "_runtime": 367.39091396331787, "_step": 8, "TruePositivesMid Rearing": 458.0, "FalsePositivesMid Rearing": 1438.0, "TrueNegativesMid Rearing": 27507.0, "FalseNegativesMid Rearing": 2997.0, "AccuracyMid Rearing": 0.8631172776222229, "PrecisionMid Rearing": 0.2415611743927002, "RecallMid Rearing": 0.13256150484085083, "PRCMid Rearing": 0.15946528315544128, "_wandb": {"runtime": 365}}