{"lossGrooming": 0.4791432023048401, "_timestamp": 1697980533.52318, "_runtime": 339.4488821029663, "_step": 8, "TruePositivesGrooming": 131.0, "FalsePositivesGrooming": 2637.0, "TrueNegativesGrooming": 27456.0, "FalseNegativesGrooming": 2176.0, "AccuracyGrooming": 0.8514506220817566, "PrecisionGrooming": 0.04732659086585045, "RecallGrooming": 0.05678370222449303, "PRCGrooming": 0.06227791681885719, "_wandb": {"runtime": 338}}