{"lossGrooming": 0.5229412913322449, "_timestamp": 1697986709.2244759, "_runtime": 334.08479475975037, "_step": 8, "TruePositivesGrooming": 538.0, "FalsePositivesGrooming": 4366.0, "TrueNegativesGrooming": 25727.0, "FalseNegativesGrooming": 1769.0, "AccuracyGrooming": 0.8106481432914734, "PrecisionGrooming": 0.10970636457204819, "RecallGrooming": 0.23320329189300537, "PRCGrooming": 0.08509323000907898, "_wandb": {"runtime": 333}}