{"lossWall Rearing": 0.49242061376571655, "_timestamp": 1697901905.496511, "_runtime": 327.92404103279114, "_step": 8, "TruePositivesWall Rearing": 1160.0, "FalsePositivesWall Rearing": 4517.0, "TrueNegativesWall Rearing": 23581.0, "FalseNegativesWall Rearing": 3142.0, "AccuracyWall Rearing": 0.7636111378669739, "PrecisionWall Rearing": 0.20433327555656433, "RecallWall Rearing": 0.26964202523231506, "PRCWall Rearing": 0.1755422204732895, "_wandb": {"runtime": 325}}