{"lossGrooming": 0.6366268992424011, "_timestamp": 1698033999.903253, "_runtime": 335.5715820789337, "_step": 8, "TruePositivesGrooming": 1084.0, "FalsePositivesGrooming": 6964.0, "TrueNegativesGrooming": 23129.0, "FalseNegativesGrooming": 1223.0, "AccuracyGrooming": 0.7473148107528687, "PrecisionGrooming": 0.13469184935092926, "RecallGrooming": 0.4698742926120758, "PRCGrooming": 0.17492802441120148, "_wandb": {"runtime": 334}}