{"lossWall Rearing": 0.5463644862174988, "_timestamp": 1697947233.9720058, "_runtime": 317.7101037502289, "_step": 8, "TruePositivesWall Rearing": 988.0, "FalsePositivesWall Rearing": 4270.0, "TrueNegativesWall Rearing": 23828.0, "FalseNegativesWall Rearing": 3314.0, "AccuracyWall Rearing": 0.765925943851471, "PrecisionWall Rearing": 0.18790414929389954, "RecallWall Rearing": 0.22966063022613525, "PRCWall Rearing": 0.17760659754276276, "_wandb": {"runtime": 316}}