{"lossWall Rearing": 0.5781741142272949, "_timestamp": 1697952409.290946, "_runtime": 317.3354299068451, "_step": 8, "TruePositivesWall Rearing": 812.0, "FalsePositivesWall Rearing": 3663.0, "TrueNegativesWall Rearing": 24435.0, "FalseNegativesWall Rearing": 3490.0, "AccuracyWall Rearing": 0.7792283892631531, "PrecisionWall Rearing": 0.18145251274108887, "RecallWall Rearing": 0.18874941766262054, "PRCWall Rearing": 0.16619572043418884, "_wandb": {"runtime": 315}}