{"lossGrooming": 0.4607113003730774, "_timestamp": 1698091067.838186, "_runtime": 325.98503398895264, "_step": 8, "TruePositivesGrooming": 302.0, "FalsePositivesGrooming": 4004.0, "TrueNegativesGrooming": 26089.0, "FalseNegativesGrooming": 2005.0, "AccuracyGrooming": 0.8145370483398438, "PrecisionGrooming": 0.07013469934463501, "RecallGrooming": 0.13090594112873077, "PRCGrooming": 0.06373447924852371, "_wandb": {"runtime": 323}}