{"lossGrooming": 0.324214369058609, "_timestamp": 1697955860.645333, "_runtime": 325.6353290081024, "_step": 8, "TruePositivesGrooming": 2.0, "FalsePositivesGrooming": 441.0, "TrueNegativesGrooming": 29652.0, "FalseNegativesGrooming": 2305.0, "AccuracyGrooming": 0.9152469038963318, "PrecisionGrooming": 0.004514672793447971, "RecallGrooming": 0.0008669267408549786, "PRCGrooming": 0.04953715205192566, "_wandb": {"runtime": 324}}