{"lossMid Rearing": 0.5351266264915466, "_timestamp": 1698017923.363466, "_runtime": 331.6136131286621, "_step": 8, "TruePositivesMid Rearing": 824.0, "FalsePositivesMid Rearing": 4320.0, "TrueNegativesMid Rearing": 24625.0, "FalseNegativesMid Rearing": 2631.0, "AccuracyMid Rearing": 0.7854629755020142, "PrecisionMid Rearing": 0.16018661856651306, "RecallMid Rearing": 0.23849493265151978, "PRCMid Rearing": 0.1457233428955078, "_wandb": {"runtime": 330}}