{"lossGrooming": 0.4332759976387024, "_timestamp": 1698077508.146357, "_runtime": 341.9099831581116, "_step": 8, "TruePositivesGrooming": 204.0, "FalsePositivesGrooming": 2155.0, "TrueNegativesGrooming": 27938.0, "FalseNegativesGrooming": 2103.0, "AccuracyGrooming": 0.8685802221298218, "PrecisionGrooming": 0.08647732436656952, "RecallGrooming": 0.08842653036117554, "PRCGrooming": 0.09211534261703491, "_wandb": {"runtime": 341}}