{"lossGrooming": 0.3265848159790039, "_timestamp": 1698080642.6127949, "_runtime": 331.9566559791565, "_step": 8, "TruePositivesGrooming": 184.0, "FalsePositivesGrooming": 805.0, "TrueNegativesGrooming": 29288.0, "FalseNegativesGrooming": 2123.0, "AccuracyGrooming": 0.9096296429634094, "PrecisionGrooming": 0.1860465109348297, "RecallGrooming": 0.07975725829601288, "PRCGrooming": 0.09336342662572861, "_wandb": {"runtime": 331}}