{"lossMid Rearing": 0.4603509306907654, "_timestamp": 1697976727.516592, "_runtime": 353.3981099128723, "_step": 8, "TruePositivesMid Rearing": 665.0, "FalsePositivesMid Rearing": 3253.0, "TrueNegativesMid Rearing": 25692.0, "FalseNegativesMid Rearing": 2790.0, "AccuracyMid Rearing": 0.8134876489639282, "PrecisionMid Rearing": 0.16972945630550385, "RecallMid Rearing": 0.19247467815876007, "PRCMid Rearing": 0.1479671746492386, "_wandb": {"runtime": 351}}