{"lossMid Rearing": 0.5369182825088501, "_timestamp": 1697938586.681649, "_runtime": 346.5505359172821, "_step": 8, "TruePositivesMid Rearing": 623.0, "FalsePositivesMid Rearing": 3978.0, "TrueNegativesMid Rearing": 24967.0, "FalseNegativesMid Rearing": 2832.0, "AccuracyMid Rearing": 0.789814829826355, "PrecisionMid Rearing": 0.13540534675121307, "RecallMid Rearing": 0.18031838536262512, "PRCMid Rearing": 0.12830384075641632, "_wandb": {"runtime": 345}}