{"lossGrooming": 0.4999145567417145, "_timestamp": 1698057579.622562, "_runtime": 324.24165081977844, "_step": 8, "TruePositivesGrooming": 324.0, "FalsePositivesGrooming": 4309.0, "TrueNegativesGrooming": 25784.0, "FalseNegativesGrooming": 1983.0, "AccuracyGrooming": 0.8058024644851685, "PrecisionGrooming": 0.06993308663368225, "RecallGrooming": 0.1404421329498291, "PRCGrooming": 0.06925521790981293, "_wandb": {"runtime": 323}}