{"lossGrooming": 0.4507875442504883, "_timestamp": 1697924852.9016478, "_runtime": 325.56272983551025, "_step": 8, "TruePositivesGrooming": 378.0, "FalsePositivesGrooming": 3765.0, "TrueNegativesGrooming": 26328.0, "FalseNegativesGrooming": 1929.0, "AccuracyGrooming": 0.8242592811584473, "PrecisionGrooming": 0.09123823046684265, "RecallGrooming": 0.16384916007518768, "PRCGrooming": 0.07463853061199188, "_wandb": {"runtime": 325}}