{"lossGrooming": 0.6360164880752563, "_timestamp": 1698056545.499454, "_runtime": 334.8115050792694, "_step": 8, "TruePositivesGrooming": 358.0, "FalsePositivesGrooming": 5823.0, "TrueNegativesGrooming": 24270.0, "FalseNegativesGrooming": 1949.0, "AccuracyGrooming": 0.7601234316825867, "PrecisionGrooming": 0.05791943147778511, "RecallGrooming": 0.15517988801002502, "PRCGrooming": 0.06867656111717224, "_wandb": {"runtime": 334}}