{"lossWall Rearing": 0.6017428636550903, "_timestamp": 1697939968.033686, "_runtime": 321.79132103919983, "_step": 8, "TruePositivesWall Rearing": 1274.0, "FalsePositivesWall Rearing": 6407.0, "TrueNegativesWall Rearing": 21691.0, "FalseNegativesWall Rearing": 3028.0, "AccuracyWall Rearing": 0.7087963223457336, "PrecisionWall Rearing": 0.16586382687091827, "RecallWall Rearing": 0.2961413264274597, "PRCWall Rearing": 0.16472887992858887, "_wandb": {"runtime": 320}}