{"lossWall Rearing": 0.5620073676109314, "_timestamp": 1697900880.6487942, "_runtime": 317.76420307159424, "_step": 8, "TruePositivesWall Rearing": 946.0, "FalsePositivesWall Rearing": 6097.0, "TrueNegativesWall Rearing": 22001.0, "FalseNegativesWall Rearing": 3356.0, "AccuracyWall Rearing": 0.7082407474517822, "PrecisionWall Rearing": 0.13431775569915771, "RecallWall Rearing": 0.21989771723747253, "PRCWall Rearing": 0.15326939523220062, "_wandb": {"runtime": 314}}