{"lossGrooming": 0.7458111643791199, "_timestamp": 1698048541.4720151, "_runtime": 338.80268120765686, "_step": 8, "TruePositivesGrooming": 720.0, "FalsePositivesGrooming": 9214.0, "TrueNegativesGrooming": 20879.0, "FalseNegativesGrooming": 1587.0, "AccuracyGrooming": 0.6666358113288879, "PrecisionGrooming": 0.07247835397720337, "RecallGrooming": 0.3120936155319214, "PRCGrooming": 0.07120181620121002, "_wandb": {"runtime": 338}}