{"lossMid Rearing": 0.46511542797088623, "_timestamp": 1697965465.062974, "_runtime": 335.12275886535645, "_step": 8, "TruePositivesMid Rearing": 699.0, "FalsePositivesMid Rearing": 3234.0, "TrueNegativesMid Rearing": 25711.0, "FalseNegativesMid Rearing": 2756.0, "AccuracyMid Rearing": 0.815123438835144, "PrecisionMid Rearing": 0.17772692441940308, "RecallMid Rearing": 0.20231547951698303, "PRCMid Rearing": 0.15136748552322388, "_wandb": {"runtime": 333}}