{"lossWall Rearing": 0.8826544284820557, "_timestamp": 1697932728.9532769, "_runtime": 327.93235778808594, "_step": 8, "TruePositivesWall Rearing": 1926.0, "FalsePositivesWall Rearing": 12379.0, "TrueNegativesWall Rearing": 15719.0, "FalseNegativesWall Rearing": 2376.0, "AccuracyWall Rearing": 0.5445987582206726, "PrecisionWall Rearing": 0.1346382349729538, "RecallWall Rearing": 0.4476987421512604, "PRCWall Rearing": 0.1332365870475769, "_wandb": {"runtime": 326}}