{"lossGrooming": 0.49264243245124817, "_timestamp": 1698063901.036392, "_runtime": 331.68264603614807, "_step": 8, "TruePositivesGrooming": 256.0, "FalsePositivesGrooming": 3963.0, "TrueNegativesGrooming": 26130.0, "FalseNegativesGrooming": 2051.0, "AccuracyGrooming": 0.8143827319145203, "PrecisionGrooming": 0.06067788600921631, "RecallGrooming": 0.11096662282943726, "PRCGrooming": 0.06463687121868134, "_wandb": {"runtime": 330}}