{"lossGrooming": 0.3464949429035187, "_timestamp": 1697998970.7207181, "_runtime": 332.34719824790955, "_step": 8, "TruePositivesGrooming": 246.0, "FalsePositivesGrooming": 1681.0, "TrueNegativesGrooming": 28412.0, "FalseNegativesGrooming": 2061.0, "AccuracyGrooming": 0.8845061659812927, "PrecisionGrooming": 0.12765957415103912, "RecallGrooming": 0.10663198679685593, "PRCGrooming": 0.0774754211306572, "_wandb": {"runtime": 331}}