{"lossMid Rearing": 0.4761500656604767, "_timestamp": 1698022063.369976, "_runtime": 339.88207602500916, "_step": 8, "TruePositivesMid Rearing": 1048.0, "FalsePositivesMid Rearing": 5390.0, "TrueNegativesMid Rearing": 23555.0, "FalseNegativesMid Rearing": 2407.0, "AccuracyMid Rearing": 0.7593518495559692, "PrecisionMid Rearing": 0.16278347373008728, "RecallMid Rearing": 0.3033285140991211, "PRCMid Rearing": 0.14918336272239685, "_wandb": {"runtime": 338}}