{"lossGrooming": 0.38863885402679443, "_timestamp": 1697939271.872633, "_runtime": 339.7917959690094, "_step": 8, "TruePositivesGrooming": 350.0, "FalsePositivesGrooming": 2285.0, "TrueNegativesGrooming": 27808.0, "FalseNegativesGrooming": 1957.0, "AccuracyGrooming": 0.8690740466117859, "PrecisionGrooming": 0.13282732665538788, "RecallGrooming": 0.15171217918395996, "PRCGrooming": 0.08460667729377747, "_wandb": {"runtime": 339}}