{"lossWall Rearing": 0.5396602749824524, "_timestamp": 1698021362.649965, "_runtime": 319.9134340286255, "_step": 8, "TruePositivesWall Rearing": 586.0, "FalsePositivesWall Rearing": 3197.0, "TrueNegativesWall Rearing": 24901.0, "FalseNegativesWall Rearing": 3716.0, "AccuracyWall Rearing": 0.7866358160972595, "PrecisionWall Rearing": 0.15490351617336273, "RecallWall Rearing": 0.1362157166004181, "PRCWall Rearing": 0.14304548501968384, "_wandb": {"runtime": 318}}