{"lossGrooming": 0.40678369998931885, "_timestamp": 1697987708.2496378, "_runtime": 315.3202407360077, "_step": 8, "TruePositivesGrooming": 128.0, "FalsePositivesGrooming": 1333.0, "TrueNegativesGrooming": 28760.0, "FalseNegativesGrooming": 2179.0, "AccuracyGrooming": 0.8916049599647522, "PrecisionGrooming": 0.08761122822761536, "RecallGrooming": 0.05548331141471863, "PRCGrooming": 0.06578153371810913, "_wandb": {"runtime": 314}}