{"lossGrooming": 0.38473284244537354, "_timestamp": 1698002009.694466, "_runtime": 336.3645992279053, "_step": 8, "TruePositivesGrooming": 262.0, "FalsePositivesGrooming": 2246.0, "TrueNegativesGrooming": 27847.0, "FalseNegativesGrooming": 2045.0, "AccuracyGrooming": 0.8675617575645447, "PrecisionGrooming": 0.10446570813655853, "RecallGrooming": 0.11356740444898605, "PRCGrooming": 0.10427878051996231, "_wandb": {"runtime": 335}}