{"lossWall Rearing": 0.6190507411956787, "_timestamp": 1697907038.766049, "_runtime": 324.263463973999, "_step": 8, "TruePositivesWall Rearing": 404.0, "FalsePositivesWall Rearing": 3906.0, "TrueNegativesWall Rearing": 24192.0, "FalseNegativesWall Rearing": 3898.0, "AccuracyWall Rearing": 0.7591357827186584, "PrecisionWall Rearing": 0.09373550117015839, "RecallWall Rearing": 0.09390980750322342, "PRCWall Rearing": 0.1208558976650238, "_wandb": {"runtime": 322}}