{"lossMid Rearing": 0.4745301604270935, "_timestamp": 1698042559.3809369, "_runtime": 342.9107518196106, "_step": 8, "TruePositivesMid Rearing": 568.0, "FalsePositivesMid Rearing": 3299.0, "TrueNegativesMid Rearing": 25646.0, "FalseNegativesMid Rearing": 2887.0, "AccuracyMid Rearing": 0.8090741038322449, "PrecisionMid Rearing": 0.14688389003276825, "RecallMid Rearing": 0.1643994152545929, "PRCMid Rearing": 0.13161198794841766, "_wandb": {"runtime": 341}}