{"lossGrooming": 0.38638272881507874, "_timestamp": 1697957914.109377, "_runtime": 331.9725139141083, "_step": 8, "TruePositivesGrooming": 50.0, "FalsePositivesGrooming": 883.0, "TrueNegativesGrooming": 29210.0, "FalseNegativesGrooming": 2257.0, "AccuracyGrooming": 0.9030864238739014, "PrecisionGrooming": 0.0535905696451664, "RecallGrooming": 0.02167316898703575, "PRCGrooming": 0.0801248848438263, "_wandb": {"runtime": 331}}