{"lossGrooming": 0.49664604663848877, "_timestamp": 1697940313.5841331, "_runtime": 328.33427023887634, "_step": 8, "TruePositivesGrooming": 207.0, "FalsePositivesGrooming": 4462.0, "TrueNegativesGrooming": 25631.0, "FalseNegativesGrooming": 2100.0, "AccuracyGrooming": 0.7974691390991211, "PrecisionGrooming": 0.04433497413992882, "RecallGrooming": 0.08972691744565964, "PRCGrooming": 0.05548194795846939, "_wandb": {"runtime": 327}}