{"lossWall Rearing": 0.5396603941917419, "_timestamp": 1698035700.735026, "_runtime": 327.3626627922058, "_step": 8, "TruePositivesWall Rearing": 836.0, "FalsePositivesWall Rearing": 4975.0, "TrueNegativesWall Rearing": 23123.0, "FalseNegativesWall Rearing": 3466.0, "AccuracyWall Rearing": 0.7394753098487854, "PrecisionWall Rearing": 0.14386507868766785, "RecallWall Rearing": 0.1943282186985016, "PRCWall Rearing": 0.15027184784412384, "_wandb": {"runtime": 325}}