{"lossWall Rearing": 0.710784912109375, "_timestamp": 1697962689.2987509, "_runtime": 327.3520438671112, "_step": 8, "TruePositivesWall Rearing": 1179.0, "FalsePositivesWall Rearing": 8947.0, "TrueNegativesWall Rearing": 19151.0, "FalseNegativesWall Rearing": 3123.0, "AccuracyWall Rearing": 0.6274691224098206, "PrecisionWall Rearing": 0.11643294245004654, "RecallWall Rearing": 0.27405858039855957, "PRCWall Rearing": 0.12054906785488129, "_wandb": {"runtime": 325}}