{"lossMid Rearing": 0.40392062067985535, "_timestamp": 1698029209.648899, "_runtime": 343.3213210105896, "_step": 8, "TruePositivesMid Rearing": 579.0, "FalsePositivesMid Rearing": 2077.0, "TrueNegativesMid Rearing": 26868.0, "FalseNegativesMid Rearing": 2876.0, "AccuracyMid Rearing": 0.8471296429634094, "PrecisionMid Rearing": 0.2179969847202301, "RecallMid Rearing": 0.16758321225643158, "PRCMid Rearing": 0.15658879280090332, "_wandb": {"runtime": 341}}