{"lossMid Rearing": 0.47125527262687683, "_timestamp": 1698003375.231439, "_runtime": 336.6920051574707, "_step": 8, "TruePositivesMid Rearing": 564.0, "FalsePositivesMid Rearing": 2354.0, "TrueNegativesMid Rearing": 26591.0, "FalseNegativesMid Rearing": 2891.0, "AccuracyMid Rearing": 0.8381173014640808, "PrecisionMid Rearing": 0.1932830661535263, "RecallMid Rearing": 0.1632416844367981, "PRCMid Rearing": 0.1442776918411255, "_wandb": {"runtime": 334}}