{"lossMid Rearing": 0.5032058954238892, "_timestamp": 1698018959.949375, "_runtime": 355.98167085647583, "_step": 8, "TruePositivesMid Rearing": 769.0, "FalsePositivesMid Rearing": 3510.0, "TrueNegativesMid Rearing": 25435.0, "FalseNegativesMid Rearing": 2686.0, "AccuracyMid Rearing": 0.8087654113769531, "PrecisionMid Rearing": 0.1797148883342743, "RecallMid Rearing": 0.22257597744464874, "PRCMid Rearing": 0.13887248933315277, "_wandb": {"runtime": 354}}