{"lossGrooming": 0.4538792073726654, "_timestamp": 1698071914.06786, "_runtime": 339.69924879074097, "_step": 8, "TruePositivesGrooming": 683.0, "FalsePositivesGrooming": 4810.0, "TrueNegativesGrooming": 25283.0, "FalseNegativesGrooming": 1624.0, "AccuracyGrooming": 0.801419734954834, "PrecisionGrooming": 0.12434007227420807, "RecallGrooming": 0.29605549573898315, "PRCGrooming": 0.1053391546010971, "_wandb": {"runtime": 338}}