{"lossGrooming": 0.7606835961341858, "_timestamp": 1697988720.897994, "_runtime": 337.80574798583984, "_step": 8, "TruePositivesGrooming": 1017.0, "FalsePositivesGrooming": 13947.0, "TrueNegativesGrooming": 16146.0, "FalseNegativesGrooming": 1290.0, "AccuracyGrooming": 0.5297222137451172, "PrecisionGrooming": 0.06796310842037201, "RecallGrooming": 0.440832257270813, "PRCGrooming": 0.07435093820095062, "_wandb": {"runtime": 337}}