{"lossGrooming": 0.6686611771583557, "_timestamp": 1697949687.560273, "_runtime": 333.874883890152, "_step": 8, "TruePositivesGrooming": 1216.0, "FalsePositivesGrooming": 9903.0, "TrueNegativesGrooming": 20190.0, "FalseNegativesGrooming": 1091.0, "AccuracyGrooming": 0.6606789827346802, "PrecisionGrooming": 0.10936235636472702, "RecallGrooming": 0.5270914435386658, "PRCGrooming": 0.13599266111850739, "_wandb": {"runtime": 333}}