{"lossWall Rearing": 0.7854998707771301, "_timestamp": 1697942026.271704, "_runtime": 318.35545206069946, "_step": 8, "TruePositivesWall Rearing": 1734.0, "FalsePositivesWall Rearing": 10331.0, "TrueNegativesWall Rearing": 17767.0, "FalseNegativesWall Rearing": 2568.0, "AccuracyWall Rearing": 0.6018826961517334, "PrecisionWall Rearing": 0.14372150599956512, "RecallWall Rearing": 0.40306833386421204, "PRCWall Rearing": 0.145267516374588, "_wandb": {"runtime": 316}}