{"lossWall Rearing": 0.4920932650566101, "_timestamp": 1697905992.9690208, "_runtime": 315.722532749176, "_step": 8, "TruePositivesWall Rearing": 450.0, "FalsePositivesWall Rearing": 2034.0, "TrueNegativesWall Rearing": 26064.0, "FalseNegativesWall Rearing": 3852.0, "AccuracyWall Rearing": 0.8183333277702332, "PrecisionWall Rearing": 0.18115942180156708, "RecallWall Rearing": 0.10460250824689865, "PRCWall Rearing": 0.15170331299304962, "_wandb": {"runtime": 313}}