{"lossWall Rearing": 0.5398170948028564, "_timestamp": 1697951388.6219, "_runtime": 325.9477970600128, "_step": 8, "TruePositivesWall Rearing": 812.0, "FalsePositivesWall Rearing": 3739.0, "TrueNegativesWall Rearing": 24359.0, "FalseNegativesWall Rearing": 3490.0, "AccuracyWall Rearing": 0.7768827080726624, "PrecisionWall Rearing": 0.17842233180999756, "RecallWall Rearing": 0.18874941766262054, "PRCWall Rearing": 0.16110974550247192, "_wandb": {"runtime": 324}}