{"lossMid Rearing": 0.45232900977134705, "_timestamp": 1698034349.704632, "_runtime": 344.3915419578552, "_step": 8, "TruePositivesMid Rearing": 395.0, "FalsePositivesMid Rearing": 2023.0, "TrueNegativesMid Rearing": 26922.0, "FalseNegativesMid Rearing": 3060.0, "AccuracyMid Rearing": 0.8431172966957092, "PrecisionMid Rearing": 0.1633581519126892, "RecallMid Rearing": 0.11432706564664841, "PRCMid Rearing": 0.14016255736351013, "_wandb": {"runtime": 343}}