{"lossWall Rearing": 0.5676093697547913, "_timestamp": 1697921412.95786, "_runtime": 321.3913290500641, "_step": 8, "TruePositivesWall Rearing": 763.0, "FalsePositivesWall Rearing": 4224.0, "TrueNegativesWall Rearing": 23874.0, "FalseNegativesWall Rearing": 3539.0, "AccuracyWall Rearing": 0.7604012489318848, "PrecisionWall Rearing": 0.15299779176712036, "RecallWall Rearing": 0.17735937237739563, "PRCWall Rearing": 0.15033882856369019, "_wandb": {"runtime": 319}}