{"lossGrooming": 0.3344426453113556, "_timestamp": 1698080982.885205, "_runtime": 324.7457580566406, "_step": 8, "TruePositivesGrooming": 0.0, "FalsePositivesGrooming": 410.0, "TrueNegativesGrooming": 29683.0, "FalseNegativesGrooming": 2307.0, "AccuracyGrooming": 0.9161419868469238, "PrecisionGrooming": 0.0, "RecallGrooming": 0.0, "PRCGrooming": 0.05031092092394829, "_wandb": {"runtime": 323}}