{"lossGrooming": 0.6825038194656372, "_timestamp": 1698053776.219363, "_runtime": 341.4529368877411, "_step": 8, "TruePositivesGrooming": 238.0, "FalsePositivesGrooming": 1644.0, "TrueNegativesGrooming": 28449.0, "FalseNegativesGrooming": 2069.0, "AccuracyGrooming": 0.8854012489318848, "PrecisionGrooming": 0.1264612078666687, "RecallGrooming": 0.10316428542137146, "PRCGrooming": 0.08603648841381073, "_wandb": {"runtime": 340}}