{"lossGrooming": 0.8100610375404358, "_timestamp": 1697941342.083053, "_runtime": 330.01164412498474, "_step": 8, "TruePositivesGrooming": 1199.0, "FalsePositivesGrooming": 11211.0, "TrueNegativesGrooming": 18882.0, "FalseNegativesGrooming": 1108.0, "AccuracyGrooming": 0.6197839379310608, "PrecisionGrooming": 0.09661563485860825, "RecallGrooming": 0.519722580909729, "PRCGrooming": 0.1111273244023323, "_wandb": {"runtime": 329}}