{"lossGrooming": 0.5809546113014221, "_timestamp": 1698032967.29758, "_runtime": 334.82286310195923, "_step": 8, "TruePositivesGrooming": 720.0, "FalsePositivesGrooming": 5632.0, "TrueNegativesGrooming": 24461.0, "FalseNegativesGrooming": 1587.0, "AccuracyGrooming": 0.7771913409233093, "PrecisionGrooming": 0.11335012316703796, "RecallGrooming": 0.3120936155319214, "PRCGrooming": 0.10617730021476746, "_wandb": {"runtime": 334}}