{"lossGrooming": 0.3869129419326782, "_timestamp": 1698089685.4684958, "_runtime": 334.9512839317322, "_step": 8, "TruePositivesGrooming": 175.0, "FalsePositivesGrooming": 913.0, "TrueNegativesGrooming": 29180.0, "FalseNegativesGrooming": 2132.0, "AccuracyGrooming": 0.9060184955596924, "PrecisionGrooming": 0.1608455926179886, "RecallGrooming": 0.07585608959197998, "PRCGrooming": 0.08436405658721924, "_wandb": {"runtime": 334}}