{"lossGrooming": 0.5199957489967346, "_timestamp": 1698056196.0373278, "_runtime": 326.96278285980225, "_step": 8, "TruePositivesGrooming": 574.0, "FalsePositivesGrooming": 5387.0, "TrueNegativesGrooming": 24706.0, "FalseNegativesGrooming": 1733.0, "AccuracyGrooming": 0.780246913433075, "PrecisionGrooming": 0.09629257023334503, "RecallGrooming": 0.24880798161029816, "PRCGrooming": 0.08089089393615723, "_wandb": {"runtime": 326}}