{"lossMid Rearing": 0.45568421483039856, "_timestamp": 1697905672.7883399, "_runtime": 329.93470287323, "_step": 8, "TruePositivesMid Rearing": 910.0, "FalsePositivesMid Rearing": 4256.0, "TrueNegativesMid Rearing": 24689.0, "FalseNegativesMid Rearing": 2545.0, "AccuracyMid Rearing": 0.7900925874710083, "PrecisionMid Rearing": 0.17615176737308502, "RecallMid Rearing": 0.26338639855384827, "PRCMid Rearing": 0.1612420529127121, "_wandb": {"runtime": 329}}