{"lossMid Rearing": 0.484004944562912, "_timestamp": 1697918007.642383, "_runtime": 365.0953221321106, "_step": 8, "TruePositivesMid Rearing": 766.0, "FalsePositivesMid Rearing": 3957.0, "TrueNegativesMid Rearing": 24988.0, "FalseNegativesMid Rearing": 2689.0, "AccuracyMid Rearing": 0.7948765158653259, "PrecisionMid Rearing": 0.16218505799770355, "RecallMid Rearing": 0.22170767188072205, "PRCMid Rearing": 0.1473163217306137, "_wandb": {"runtime": 363}}