{"lossWall Rearing": 0.5445839166641235, "_timestamp": 1698016215.235487, "_runtime": 319.74668192863464, "_step": 8, "TruePositivesWall Rearing": 528.0, "FalsePositivesWall Rearing": 3699.0, "TrueNegativesWall Rearing": 24399.0, "FalseNegativesWall Rearing": 3774.0, "AccuracyWall Rearing": 0.7693518400192261, "PrecisionWall Rearing": 0.12491128593683243, "RecallWall Rearing": 0.12273361533880234, "PRCWall Rearing": 0.13933700323104858, "_wandb": {"runtime": 318}}