{"lossMid Rearing": 0.429930180311203, "_timestamp": 1698044623.157517, "_runtime": 344.8337368965149, "_step": 8, "TruePositivesMid Rearing": 473.0, "FalsePositivesMid Rearing": 2144.0, "TrueNegativesMid Rearing": 26801.0, "FalseNegativesMid Rearing": 2982.0, "AccuracyMid Rearing": 0.8417901396751404, "PrecisionMid Rearing": 0.1807413101196289, "RecallMid Rearing": 0.13690303266048431, "PRCMid Rearing": 0.15656405687332153, "_wandb": {"runtime": 343}}