{"lossGrooming": 0.4519731402397156, "_timestamp": 1697984644.4429362, "_runtime": 323.8891062736511, "_step": 8, "TruePositivesGrooming": 204.0, "FalsePositivesGrooming": 2132.0, "TrueNegativesGrooming": 27961.0, "FalseNegativesGrooming": 2103.0, "AccuracyGrooming": 0.8692901134490967, "PrecisionGrooming": 0.08732876926660538, "RecallGrooming": 0.08842653036117554, "PRCGrooming": 0.07750782370567322, "_wandb": {"runtime": 323}}