{"lossMid Rearing": 0.5069935321807861, "_timestamp": 1698030246.9298391, "_runtime": 346.1876881122589, "_step": 8, "TruePositivesMid Rearing": 867.0, "FalsePositivesMid Rearing": 4584.0, "TrueNegativesMid Rearing": 24361.0, "FalseNegativesMid Rearing": 2588.0, "AccuracyMid Rearing": 0.7786419987678528, "PrecisionMid Rearing": 0.15905338525772095, "RecallMid Rearing": 0.2509406805038452, "PRCMid Rearing": 0.14594319462776184, "_wandb": {"runtime": 344}}