{"lossGrooming": 0.6881819367408752, "_timestamp": 1697893060.445086, "_runtime": 334.1868109703064, "_step": 8, "TruePositivesGrooming": 1691.0, "FalsePositivesGrooming": 10637.0, "TrueNegativesGrooming": 19456.0, "FalseNegativesGrooming": 616.0, "AccuracyGrooming": 0.6526851654052734, "PrecisionGrooming": 0.13716742396354675, "RecallGrooming": 0.732986569404602, "PRCGrooming": 0.13141223788261414, "_wandb": {"runtime": 333}}