{"lossGrooming": 0.7021307349205017, "_timestamp": 1697983609.45959, "_runtime": 323.3937029838562, "_step": 8, "TruePositivesGrooming": 2173.0, "FalsePositivesGrooming": 26932.0, "TrueNegativesGrooming": 3161.0, "FalseNegativesGrooming": 134.0, "AccuracyGrooming": 0.16462962329387665, "PrecisionGrooming": 0.07466071099042892, "RecallGrooming": 0.9419159293174744, "PRCGrooming": 0.09436321258544922, "_wandb": {"runtime": 322}}