{"lossWall Rearing": 0.5851830840110779, "_timestamp": 1697967832.537932, "_runtime": 323.34724497795105, "_step": 8, "TruePositivesWall Rearing": 1534.0, "FalsePositivesWall Rearing": 6668.0, "TrueNegativesWall Rearing": 21430.0, "FalseNegativesWall Rearing": 2768.0, "AccuracyWall Rearing": 0.70876544713974, "PrecisionWall Rearing": 0.18702755868434906, "RecallWall Rearing": 0.35657835006713867, "PRCWall Rearing": 0.18723571300506592, "_wandb": {"runtime": 321}}