{"lossMid Rearing": 0.45614418387413025, "_timestamp": 1697991156.943522, "_runtime": 341.64870285987854, "_step": 8, "TruePositivesMid Rearing": 903.0, "FalsePositivesMid Rearing": 3476.0, "TrueNegativesMid Rearing": 25469.0, "FalseNegativesMid Rearing": 2552.0, "AccuracyMid Rearing": 0.8139505982398987, "PrecisionMid Rearing": 0.20621146261692047, "RecallMid Rearing": 0.2613603472709656, "PRCMid Rearing": 0.17329338192939758, "_wandb": {"runtime": 340}}