{"lossGrooming": 0.7669894099235535, "_timestamp": 1698054831.8083599, "_runtime": 339.56872391700745, "_step": 8, "TruePositivesGrooming": 1325.0, "FalsePositivesGrooming": 19489.0, "TrueNegativesGrooming": 10604.0, "FalseNegativesGrooming": 982.0, "AccuracyGrooming": 0.3681790232658386, "PrecisionGrooming": 0.06365907192230225, "RecallGrooming": 0.574338972568512, "PRCGrooming": 0.06363682448863983, "_wandb": {"runtime": 338}}