{"lossGrooming": 0.4143548607826233, "_timestamp": 1698082040.670847, "_runtime": 336.61454796791077, "_step": 8, "TruePositivesGrooming": 96.0, "FalsePositivesGrooming": 3143.0, "TrueNegativesGrooming": 26950.0, "FalseNegativesGrooming": 2211.0, "AccuracyGrooming": 0.8347530961036682, "PrecisionGrooming": 0.029638776555657387, "RecallGrooming": 0.04161248356103897, "PRCGrooming": 0.05479883402585983, "_wandb": {"runtime": 335}}