{"lossGrooming": 0.7057192325592041, "_timestamp": 1697923848.971361, "_runtime": 331.9993898868561, "_step": 8, "TruePositivesGrooming": 757.0, "FalsePositivesGrooming": 8444.0, "TrueNegativesGrooming": 21649.0, "FalseNegativesGrooming": 1550.0, "AccuracyGrooming": 0.6915432214736938, "PrecisionGrooming": 0.08227366954088211, "RecallGrooming": 0.328131765127182, "PRCGrooming": 0.09584824740886688, "_wandb": {"runtime": 330}}