{"lossGrooming": 0.49508893489837646, "_timestamp": 1697932028.309039, "_runtime": 341.9016170501709, "_step": 8, "TruePositivesGrooming": 119.0, "FalsePositivesGrooming": 3992.0, "TrueNegativesGrooming": 26101.0, "FalseNegativesGrooming": 2188.0, "AccuracyGrooming": 0.8092592358589172, "PrecisionGrooming": 0.028946727514266968, "RecallGrooming": 0.05158214271068573, "PRCGrooming": 0.057675208896398544, "_wandb": {"runtime": 340}}