{"lossGrooming": 0.6286706328392029, "_timestamp": 1698087245.1197708, "_runtime": 339.57021164894104, "_step": 8, "TruePositivesGrooming": 573.0, "FalsePositivesGrooming": 8684.0, "TrueNegativesGrooming": 21409.0, "FalseNegativesGrooming": 1734.0, "AccuracyGrooming": 0.6784567832946777, "PrecisionGrooming": 0.061899103224277496, "RecallGrooming": 0.24837450683116913, "PRCGrooming": 0.06299149990081787, "_wandb": {"runtime": 338}}