{"lossGrooming": 0.3422575294971466, "_timestamp": 1698082377.3580558, "_runtime": 324.37392592430115, "_step": 8, "TruePositivesGrooming": 69.0, "FalsePositivesGrooming": 1270.0, "TrueNegativesGrooming": 28823.0, "FalseNegativesGrooming": 2238.0, "AccuracyGrooming": 0.891728401184082, "PrecisionGrooming": 0.05153099447488785, "RecallGrooming": 0.02990897186100483, "PRCGrooming": 0.06054841727018356, "_wandb": {"runtime": 323}}