{"lossGrooming": 0.47611719369888306, "_timestamp": 1698062143.1433332, "_runtime": 348.58938217163086, "_step": 8, "TruePositivesGrooming": 608.0, "FalsePositivesGrooming": 4127.0, "TrueNegativesGrooming": 25966.0, "FalseNegativesGrooming": 1699.0, "AccuracyGrooming": 0.8201851844787598, "PrecisionGrooming": 0.12840549647808075, "RecallGrooming": 0.2635457217693329, "PRCGrooming": 0.0943743884563446, "_wandb": {"runtime": 347}}