{"lossMid Rearing": 0.4665745496749878, "_timestamp": 1698028165.896718, "_runtime": 331.5044469833374, "_step": 8, "TruePositivesMid Rearing": 679.0, "FalsePositivesMid Rearing": 3264.0, "TrueNegativesMid Rearing": 25681.0, "FalseNegativesMid Rearing": 2776.0, "AccuracyMid Rearing": 0.8135802745819092, "PrecisionMid Rearing": 0.1722038984298706, "RecallMid Rearing": 0.19652676582336426, "PRCMid Rearing": 0.13055936992168427, "_wandb": {"runtime": 330}}