{"lossWall Rearing": 0.6609944105148315, "_timestamp": 1697934778.268331, "_runtime": 318.6519639492035, "_step": 8, "TruePositivesWall Rearing": 1165.0, "FalsePositivesWall Rearing": 6354.0, "TrueNegativesWall Rearing": 21744.0, "FalseNegativesWall Rearing": 3137.0, "AccuracyWall Rearing": 0.7070679068565369, "PrecisionWall Rearing": 0.15494081377983093, "RecallWall Rearing": 0.2708042860031128, "PRCWall Rearing": 0.16011953353881836, "_wandb": {"runtime": 316}}