{"lossWall Rearing": 0.7817806601524353, "_timestamp": 1698034677.5311391, "_runtime": 322.73568320274353, "_step": 8, "TruePositivesWall Rearing": 2013.0, "FalsePositivesWall Rearing": 11570.0, "TrueNegativesWall Rearing": 16528.0, "FalseNegativesWall Rearing": 2289.0, "AccuracyWall Rearing": 0.5722531080245972, "PrecisionWall Rearing": 0.14819996058940887, "RecallWall Rearing": 0.4679218828678131, "PRCWall Rearing": 0.15360909700393677, "_wandb": {"runtime": 321}}