{"lossGrooming": 0.3461182415485382, "_timestamp": 1697892030.306944, "_runtime": 337.10337591171265, "_step": 8, "TruePositivesGrooming": 110.0, "FalsePositivesGrooming": 432.0, "TrueNegativesGrooming": 29661.0, "FalseNegativesGrooming": 2197.0, "AccuracyGrooming": 0.9188580513000488, "PrecisionGrooming": 0.20295202732086182, "RecallGrooming": 0.047680970281362534, "PRCGrooming": 0.07083097100257874, "_wandb": {"runtime": 336}}