{"lossMid Rearing": 0.5491589903831482, "_timestamp": 1697992185.344075, "_runtime": 339.1446659564972, "_step": 8, "TruePositivesMid Rearing": 1114.0, "FalsePositivesMid Rearing": 5216.0, "TrueNegativesMid Rearing": 23729.0, "FalseNegativesMid Rearing": 2341.0, "AccuracyMid Rearing": 0.7667592763900757, "PrecisionMid Rearing": 0.1759873628616333, "RecallMid Rearing": 0.3224312663078308, "PRCMid Rearing": 0.15524154901504517, "_wandb": {"runtime": 337}}