{"lossGrooming": 0.4814322292804718, "_timestamp": 1698061425.8323998, "_runtime": 337.3887119293213, "_step": 8, "TruePositivesGrooming": 173.0, "FalsePositivesGrooming": 4141.0, "TrueNegativesGrooming": 25952.0, "FalseNegativesGrooming": 2134.0, "AccuracyGrooming": 0.8063271641731262, "PrecisionGrooming": 0.04010199382901192, "RecallGrooming": 0.07498916238546371, "PRCGrooming": 0.05983208864927292, "_wandb": {"runtime": 336}}