{"lossGrooming": 0.8304116725921631, "_timestamp": 1698071220.565635, "_runtime": 331.8473889827728, "_step": 8, "TruePositivesGrooming": 1107.0, "FalsePositivesGrooming": 11666.0, "TrueNegativesGrooming": 18427.0, "FalseNegativesGrooming": 1200.0, "AccuracyGrooming": 0.6029012203216553, "PrecisionGrooming": 0.08666718751192093, "RecallGrooming": 0.47984394431114197, "PRCGrooming": 0.09368789196014404, "_wandb": {"runtime": 331}}