{"lossMid Rearing": 0.43784430623054504, "_timestamp": 1698036403.5973618, "_runtime": 343.8664288520813, "_step": 8, "TruePositivesMid Rearing": 889.0, "FalsePositivesMid Rearing": 3737.0, "TrueNegativesMid Rearing": 25208.0, "FalseNegativesMid Rearing": 2566.0, "AccuracyMid Rearing": 0.8054629564285278, "PrecisionMid Rearing": 0.19217465817928314, "RecallMid Rearing": 0.2573082447052002, "PRCMid Rearing": 0.1607406884431839, "_wandb": {"runtime": 342}}