{"lossGrooming": 0.7061301469802856, "_timestamp": 1697991841.346238, "_runtime": 337.643513917923, "_step": 8, "TruePositivesGrooming": 330.0, "FalsePositivesGrooming": 7517.0, "TrueNegativesGrooming": 22576.0, "FalseNegativesGrooming": 1977.0, "AccuracyGrooming": 0.7069752812385559, "PrecisionGrooming": 0.04205428808927536, "RecallGrooming": 0.1430429071187973, "PRCGrooming": 0.06645310670137405, "_wandb": {"runtime": 336}}