{"lossGrooming": 0.5959109663963318, "_timestamp": 1698021717.516048, "_runtime": 339.0051670074463, "_step": 8, "TruePositivesGrooming": 241.0, "FalsePositivesGrooming": 5611.0, "TrueNegativesGrooming": 24482.0, "FalseNegativesGrooming": 2066.0, "AccuracyGrooming": 0.7630555629730225, "PrecisionGrooming": 0.0411825031042099, "RecallGrooming": 0.10446467250585556, "PRCGrooming": 0.059086281806230545, "_wandb": {"runtime": 338}}