{"lossGrooming": 0.6414440870285034, "_timestamp": 1698076097.874932, "_runtime": 333.56779313087463, "_step": 8, "TruePositivesGrooming": 609.0, "FalsePositivesGrooming": 7368.0, "TrueNegativesGrooming": 22725.0, "FalseNegativesGrooming": 1698.0, "AccuracyGrooming": 0.7201851606369019, "PrecisionGrooming": 0.07634449005126953, "RecallGrooming": 0.2639791965484619, "PRCGrooming": 0.07232240587472916, "_wandb": {"runtime": 332}}