{"lossMid Rearing": 0.4275211989879608, "_timestamp": 1698025116.27658, "_runtime": 354.96642303466797, "_step": 8, "TruePositivesMid Rearing": 806.0, "FalsePositivesMid Rearing": 2894.0, "TrueNegativesMid Rearing": 26051.0, "FalseNegativesMid Rearing": 2649.0, "AccuracyMid Rearing": 0.8289197683334351, "PrecisionMid Rearing": 0.2178378403186798, "RecallMid Rearing": 0.2332850992679596, "PRCMid Rearing": 0.16865494847297668, "_wandb": {"runtime": 353}}