{"lossWall Rearing": 0.5644829869270325, "_timestamp": 1697989407.2931159, "_runtime": 331.1574659347534, "_step": 8, "TruePositivesWall Rearing": 1039.0, "FalsePositivesWall Rearing": 6298.0, "TrueNegativesWall Rearing": 21800.0, "FalseNegativesWall Rearing": 3263.0, "AccuracyWall Rearing": 0.7049074172973633, "PrecisionWall Rearing": 0.1416110098361969, "RecallWall Rearing": 0.24151557683944702, "PRCWall Rearing": 0.14754971861839294, "_wandb": {"runtime": 329}}