{"lossGrooming": 0.6355338096618652, "_timestamp": 1697992860.533994, "_runtime": 336.98753905296326, "_step": 8, "TruePositivesGrooming": 530.0, "FalsePositivesGrooming": 8032.0, "TrueNegativesGrooming": 22061.0, "FalseNegativesGrooming": 1777.0, "AccuracyGrooming": 0.6972531080245972, "PrecisionGrooming": 0.06190142408013344, "RecallGrooming": 0.2297355830669403, "PRCGrooming": 0.09172487258911133, "_wandb": {"runtime": 335}}