{"lossGrooming": 0.39338621497154236, "_timestamp": 1697913499.054751, "_runtime": 339.31511902809143, "_step": 8, "TruePositivesGrooming": 624.0, "FalsePositivesGrooming": 2505.0, "TrueNegativesGrooming": 27588.0, "FalseNegativesGrooming": 1683.0, "AccuracyGrooming": 0.8707407116889954, "PrecisionGrooming": 0.19942474365234375, "RecallGrooming": 0.270481139421463, "PRCGrooming": 0.13049690425395966, "_wandb": {"runtime": 338}}