{"lossGrooming": 0.6591159105300903, "_timestamp": 1697969198.270499, "_runtime": 333.1635298728943, "_step": 8, "TruePositivesGrooming": 709.0, "FalsePositivesGrooming": 7426.0, "TrueNegativesGrooming": 22667.0, "FalseNegativesGrooming": 1598.0, "AccuracyGrooming": 0.7214815020561218, "PrecisionGrooming": 0.08715426921844482, "RecallGrooming": 0.307325541973114, "PRCGrooming": 0.08133512735366821, "_wandb": {"runtime": 332}}