{"lossMid Rearing": 0.6734510064125061, "_timestamp": 1697894443.9683268, "_runtime": 348.4740927219391, "_step": 8, "TruePositivesMid Rearing": 1418.0, "FalsePositivesMid Rearing": 8359.0, "TrueNegativesMid Rearing": 20586.0, "FalseNegativesMid Rearing": 2037.0, "AccuracyMid Rearing": 0.679135799407959, "PrecisionMid Rearing": 0.14503426849842072, "RecallMid Rearing": 0.41041967272758484, "PRCMid Rearing": 0.14568200707435608, "_wandb": {"runtime": 347}}