{"lossGrooming": 0.5072331428527832, "_timestamp": 1697901222.809437, "_runtime": 329.13555812835693, "_step": 8, "TruePositivesGrooming": 387.0, "FalsePositivesGrooming": 5319.0, "TrueNegativesGrooming": 24774.0, "FalseNegativesGrooming": 1920.0, "AccuracyGrooming": 0.7765740752220154, "PrecisionGrooming": 0.06782334297895432, "RecallGrooming": 0.16775032877922058, "PRCGrooming": 0.08406271040439606, "_wandb": {"runtime": 328}}