{"lossMid Rearing": 0.5951276421546936, "_timestamp": 1697893402.876645, "_runtime": 337.97862911224365, "_step": 8, "TruePositivesMid Rearing": 1111.0, "FalsePositivesMid Rearing": 6246.0, "TrueNegativesMid Rearing": 22699.0, "FalseNegativesMid Rearing": 2344.0, "AccuracyMid Rearing": 0.7348765134811401, "PrecisionMid Rearing": 0.15101264417171478, "RecallMid Rearing": 0.3215629458427429, "PRCMid Rearing": 0.14777392148971558, "_wandb": {"runtime": 336}}