{"lossGrooming": 0.4074002504348755, "_timestamp": 1698077857.397763, "_runtime": 331.93813705444336, "_step": 8, "TruePositivesGrooming": 366.0, "FalsePositivesGrooming": 2109.0, "TrueNegativesGrooming": 27984.0, "FalseNegativesGrooming": 1941.0, "AccuracyGrooming": 0.875, "PrecisionGrooming": 0.14787878096103668, "RecallGrooming": 0.1586475968360901, "PRCGrooming": 0.11793728172779083, "_wandb": {"runtime": 330}}