{"lossGrooming": 0.37038129568099976, "_timestamp": 1697909399.475102, "_runtime": 338.4554669857025, "_step": 8, "TruePositivesGrooming": 37.0, "FalsePositivesGrooming": 1247.0, "TrueNegativesGrooming": 28846.0, "FalseNegativesGrooming": 2270.0, "AccuracyGrooming": 0.8914506435394287, "PrecisionGrooming": 0.02881619893014431, "RecallGrooming": 0.016038144007325172, "PRCGrooming": 0.05611174553632736, "_wandb": {"runtime": 337}}