{"lossGrooming": 1.0088602304458618, "_timestamp": 1698483750.3987331, "_runtime": 351.61517214775085, "_step": 8, "TruePositivesGrooming": 1519.0, "FalsePositivesGrooming": 18125.0, "TrueNegativesGrooming": 11968.0, "FalseNegativesGrooming": 788.0, "AccuracyGrooming": 0.41626542806625366, "PrecisionGrooming": 0.07732640951871872, "RecallGrooming": 0.6584308743476868, "PRCGrooming": 0.09101711213588715, "_wandb": {"runtime": 350}}