{"lossGrooming": 0.9915808439254761, "_timestamp": 1698490294.3204858, "_runtime": 332.12523794174194, "_step": 8, "TruePositivesGrooming": 1444.0, "FalsePositivesGrooming": 13036.0, "TrueNegativesGrooming": 17057.0, "FalseNegativesGrooming": 863.0, "AccuracyGrooming": 0.5710185170173645, "PrecisionGrooming": 0.09972375631332397, "RecallGrooming": 0.6259211301803589, "PRCGrooming": 0.10907220840454102, "_wandb": {"runtime": 331}}