{"lossGrooming": 0.6098330020904541, "_timestamp": 1698049940.787866, "_runtime": 340.74079418182373, "_step": 8, "TruePositivesGrooming": 736.0, "FalsePositivesGrooming": 6827.0, "TrueNegativesGrooming": 23266.0, "FalseNegativesGrooming": 1571.0, "AccuracyGrooming": 0.7408024668693542, "PrecisionGrooming": 0.09731587767601013, "RecallGrooming": 0.3190290331840515, "PRCGrooming": 0.09982363134622574, "_wandb": {"runtime": 340}}