{"lossGrooming": 0.46982863545417786, "_timestamp": 1698055176.0224798, "_runtime": 332.22997784614563, "_step": 8, "TruePositivesGrooming": 411.0, "FalsePositivesGrooming": 3750.0, "TrueNegativesGrooming": 26343.0, "FalseNegativesGrooming": 1896.0, "AccuracyGrooming": 0.8257407546043396, "PrecisionGrooming": 0.09877433627843857, "RecallGrooming": 0.17815344035625458, "PRCGrooming": 0.08326459676027298, "_wandb": {"runtime": 331}}