{"lossGrooming": 0.40050166845321655, "_timestamp": 1698017586.213439, "_runtime": 330.65508103370667, "_step": 8, "TruePositivesGrooming": 177.0, "FalsePositivesGrooming": 1789.0, "TrueNegativesGrooming": 28304.0, "FalseNegativesGrooming": 2130.0, "AccuracyGrooming": 0.8790432214736938, "PrecisionGrooming": 0.09003052115440369, "RecallGrooming": 0.07672301679849625, "PRCGrooming": 0.06904120743274689, "_wandb": {"runtime": 329}}