{"lossWall Rearing": 0.809200644493103, "_timestamp": 1698042893.299734, "_runtime": 329.41993618011475, "_step": 8, "TruePositivesWall Rearing": 2352.0, "FalsePositivesWall Rearing": 12600.0, "TrueNegativesWall Rearing": 15498.0, "FalseNegativesWall Rearing": 1950.0, "AccuracyWall Rearing": 0.5509259104728699, "PrecisionWall Rearing": 0.15730337798595428, "RecallWall Rearing": 0.5467224717140198, "PRCWall Rearing": 0.15295282006263733, "_wandb": {"runtime": 327}}