{"lossMid Rearing": 0.49161553382873535, "_timestamp": 1698045643.007831, "_runtime": 340.0289351940155, "_step": 8, "TruePositivesMid Rearing": 706.0, "FalsePositivesMid Rearing": 3746.0, "TrueNegativesMid Rearing": 25199.0, "FalseNegativesMid Rearing": 2749.0, "AccuracyMid Rearing": 0.7995370626449585, "PrecisionMid Rearing": 0.15858040750026703, "RecallMid Rearing": 0.20434153079986572, "PRCMid Rearing": 0.13011936843395233, "_wandb": {"runtime": 338}}