{"lossWall Rearing": 0.536517858505249, "_timestamp": 1697946200.5399868, "_runtime": 326.8050937652588, "_step": 8, "TruePositivesWall Rearing": 332.0, "FalsePositivesWall Rearing": 2049.0, "TrueNegativesWall Rearing": 26049.0, "FalseNegativesWall Rearing": 3970.0, "AccuracyWall Rearing": 0.8142284154891968, "PrecisionWall Rearing": 0.1394372135400772, "RecallWall Rearing": 0.07717340439558029, "PRCWall Rearing": 0.13693857192993164, "_wandb": {"runtime": 325}}