{"lossWall Rearing": 0.4830818176269531, "_timestamp": 1697919345.452069, "_runtime": 317.15831112861633, "_step": 8, "TruePositivesWall Rearing": 462.0, "FalsePositivesWall Rearing": 2723.0, "TrueNegativesWall Rearing": 25375.0, "FalseNegativesWall Rearing": 3840.0, "AccuracyWall Rearing": 0.7974382638931274, "PrecisionWall Rearing": 0.14505495131015778, "RecallWall Rearing": 0.10739190876483917, "PRCWall Rearing": 0.148145854473114, "_wandb": {"runtime": 315}}