{"lossMid Rearing": 0.4723871052265167, "_timestamp": 1698024084.131608, "_runtime": 334.5320761203766, "_step": 8, "TruePositivesMid Rearing": 749.0, "FalsePositivesMid Rearing": 3434.0, "TrueNegativesMid Rearing": 25511.0, "FalseNegativesMid Rearing": 2706.0, "AccuracyMid Rearing": 0.8104938268661499, "PrecisionMid Rearing": 0.17905808985233307, "RecallMid Rearing": 0.21678726375102997, "PRCMid Rearing": 0.14740368723869324, "_wandb": {"runtime": 333}}