{"lossGrooming": 0.9025927782058716, "_timestamp": 1698067044.97771, "_runtime": 339.71048498153687, "_step": 8, "TruePositivesGrooming": 1405.0, "FalsePositivesGrooming": 15228.0, "TrueNegativesGrooming": 14865.0, "FalseNegativesGrooming": 902.0, "AccuracyGrooming": 0.5021604895591736, "PrecisionGrooming": 0.08447062969207764, "RecallGrooming": 0.6090160608291626, "PRCGrooming": 0.12234188616275787, "_wandb": {"runtime": 338}}