{"lossMid Rearing": 0.5003423094749451, "_timestamp": 1698010707.0409222, "_runtime": 354.9450252056122, "_step": 8, "TruePositivesMid Rearing": 1054.0, "FalsePositivesMid Rearing": 5332.0, "TrueNegativesMid Rearing": 23613.0, "FalseNegativesMid Rearing": 2401.0, "AccuracyMid Rearing": 0.7613271474838257, "PrecisionMid Rearing": 0.1650485396385193, "RecallMid Rearing": 0.3050651252269745, "PRCMid Rearing": 0.15996599197387695, "_wandb": {"runtime": 353}}