{"Behaviour": "Grooming", "_timestamp": 1697886614.5812852, "_runtime": 330.62746024131775, "_step": 9, "loss": 0.5479319095611572, "TruePositives": 389.0, "FalsePositives": 5615.0, "TrueNegatives": 24478.0, "FalseNegatives": 1918.0, "Accuracy": 0.7674999833106995, "Precision": 0.06479013711214066, "Recall": 0.16861724853515625, "PRC": 0.07479088008403778, "_wandb": {"runtime": 329}}