{"lossGrooming": 0.3796553909778595, "_timestamp": 1698042211.760433, "_runtime": 339.9080328941345, "_step": 8, "TruePositivesGrooming": 272.0, "FalsePositivesGrooming": 1932.0, "TrueNegativesGrooming": 28161.0, "FalseNegativesGrooming": 2035.0, "AccuracyGrooming": 0.8775617480278015, "PrecisionGrooming": 0.12341197580099106, "RecallGrooming": 0.11790204048156738, "PRCGrooming": 0.09587764739990234, "_wandb": {"runtime": 339}}