{"lossGrooming": 0.392729789018631, "_timestamp": 1698047838.7914681, "_runtime": 345.96056509017944, "_step": 8, "TruePositivesGrooming": 305.0, "FalsePositivesGrooming": 2113.0, "TrueNegativesGrooming": 27980.0, "FalseNegativesGrooming": 2002.0, "AccuracyGrooming": 0.8729938268661499, "PrecisionGrooming": 0.12613730132579803, "RecallGrooming": 0.13220633566379547, "PRCGrooming": 0.07500892132520676, "_wandb": {"runtime": 345}}