{"lossWall Rearing": 0.6876897215843201, "_timestamp": 1697957565.9619572, "_runtime": 320.33987832069397, "_step": 8, "TruePositivesWall Rearing": 1741.0, "FalsePositivesWall Rearing": 10320.0, "TrueNegativesWall Rearing": 17778.0, "FalseNegativesWall Rearing": 2561.0, "AccuracyWall Rearing": 0.6024382710456848, "PrecisionWall Rearing": 0.14434956014156342, "RecallWall Rearing": 0.4046954810619354, "PRCWall Rearing": 0.16354216635227203, "_wandb": {"runtime": 318}}