{"lossWall Rearing": 0.6644549369812012, "_timestamp": 1697944103.987536, "_runtime": 336.10922288894653, "_step": 8, "TruePositivesWall Rearing": 1669.0, "FalsePositivesWall Rearing": 9520.0, "TrueNegativesWall Rearing": 18578.0, "FalseNegativesWall Rearing": 2633.0, "AccuracyWall Rearing": 0.6249074339866638, "PrecisionWall Rearing": 0.1491643637418747, "RecallWall Rearing": 0.3879590928554535, "PRCWall Rearing": 0.1554964929819107, "_wandb": {"runtime": 334}}