{"lossMid Rearing": 0.6702782511711121, "_timestamp": 1697999310.4003751, "_runtime": 335.3585011959076, "_step": 8, "TruePositivesMid Rearing": 1303.0, "FalsePositivesMid Rearing": 7867.0, "TrueNegativesMid Rearing": 21078.0, "FalseNegativesMid Rearing": 2152.0, "AccuracyMid Rearing": 0.6907715797424316, "PrecisionMid Rearing": 0.14209377765655518, "RecallMid Rearing": 0.3771345913410187, "PRCMid Rearing": 0.13306808471679688, "_wandb": {"runtime": 333}}