{"lossMid Rearing": 0.5780379176139832, "_timestamp": 1697936506.635088, "_runtime": 340.47115087509155, "_step": 8, "TruePositivesMid Rearing": 803.0, "FalsePositivesMid Rearing": 4139.0, "TrueNegativesMid Rearing": 24806.0, "FalseNegativesMid Rearing": 2652.0, "AccuracyMid Rearing": 0.7904012203216553, "PrecisionMid Rearing": 0.16248482465744019, "RecallMid Rearing": 0.2324167937040329, "PRCMid Rearing": 0.1281057894229889, "_wandb": {"runtime": 339}}