{"lossGrooming": 0.3936934769153595, "_timestamp": 1698072625.815701, "_runtime": 340.382994890213, "_step": 8, "TruePositivesGrooming": 75.0, "FalsePositivesGrooming": 2010.0, "TrueNegativesGrooming": 28083.0, "FalseNegativesGrooming": 2232.0, "AccuracyGrooming": 0.8690740466117859, "PrecisionGrooming": 0.035971224308013916, "RecallGrooming": 0.03250975161790848, "PRCGrooming": 0.06717319786548615, "_wandb": {"runtime": 339}}