{"lossWall Rearing": 0.5776804685592651, "_timestamp": 1698032619.330573, "_runtime": 324.2853901386261, "_step": 8, "TruePositivesWall Rearing": 1560.0, "FalsePositivesWall Rearing": 7621.0, "TrueNegativesWall Rearing": 20477.0, "FalseNegativesWall Rearing": 2742.0, "AccuracyWall Rearing": 0.6801543235778809, "PrecisionWall Rearing": 0.16991613805294037, "RecallWall Rearing": 0.3626220226287842, "PRCWall Rearing": 0.1692649871110916, "_wandb": {"runtime": 322}}