{"lossGrooming": 0.5415531396865845, "_timestamp": 1698062847.207988, "_runtime": 331.6452040672302, "_step": 8, "TruePositivesGrooming": 432.0, "FalsePositivesGrooming": 5169.0, "TrueNegativesGrooming": 24924.0, "FalseNegativesGrooming": 1875.0, "AccuracyGrooming": 0.7825925946235657, "PrecisionGrooming": 0.07712908089160919, "RecallGrooming": 0.18725617229938507, "PRCGrooming": 0.10294209420681, "_wandb": {"runtime": 330}}