{"lossGrooming": 0.40686437487602234, "_timestamp": 1698023743.6004841, "_runtime": 334.7967212200165, "_step": 8, "TruePositivesGrooming": 117.0, "FalsePositivesGrooming": 2234.0, "TrueNegativesGrooming": 27859.0, "FalseNegativesGrooming": 2190.0, "AccuracyGrooming": 0.8634567856788635, "PrecisionGrooming": 0.04976605623960495, "RecallGrooming": 0.050715215504169464, "PRCGrooming": 0.0759829580783844, "_wandb": {"runtime": 334}}