{"lossWall Rearing": 0.5825788974761963, "_timestamp": 1697958584.3550138, "_runtime": 323.796443939209, "_step": 8, "TruePositivesWall Rearing": 685.0, "FalsePositivesWall Rearing": 3844.0, "TrueNegativesWall Rearing": 24254.0, "FalseNegativesWall Rearing": 3617.0, "AccuracyWall Rearing": 0.7697222232818604, "PrecisionWall Rearing": 0.1512475162744522, "RecallWall Rearing": 0.15922826528549194, "PRCWall Rearing": 0.14742344617843628, "_wandb": {"runtime": 322}}