{"lossMid Rearing": 0.49772265553474426, "_timestamp": 1697902606.302357, "_runtime": 339.88273787498474, "_step": 8, "TruePositivesMid Rearing": 859.0, "FalsePositivesMid Rearing": 4185.0, "TrueNegativesMid Rearing": 24760.0, "FalseNegativesMid Rearing": 2596.0, "AccuracyMid Rearing": 0.7907098531723022, "PrecisionMid Rearing": 0.17030134797096252, "RecallMid Rearing": 0.24862517416477203, "PRCMid Rearing": 0.1521061509847641, "_wandb": {"runtime": 336}}