{"lossGrooming": 0.4136192500591278, "_timestamp": 1698057239.700694, "_runtime": 335.1637840270996, "_step": 8, "TruePositivesGrooming": 178.0, "FalsePositivesGrooming": 1303.0, "TrueNegativesGrooming": 28790.0, "FalseNegativesGrooming": 2129.0, "AccuracyGrooming": 0.8940740823745728, "PrecisionGrooming": 0.12018906325101852, "RecallGrooming": 0.07715647667646408, "PRCGrooming": 0.08199603855609894, "_wandb": {"runtime": 334}}