{"lossGrooming": 0.5946456789970398, "_timestamp": 1698070521.092602, "_runtime": 342.9196500778198, "_step": 8, "TruePositivesGrooming": 647.0, "FalsePositivesGrooming": 6685.0, "TrueNegativesGrooming": 23408.0, "FalseNegativesGrooming": 1660.0, "AccuracyGrooming": 0.7424382567405701, "PrecisionGrooming": 0.08824332058429718, "RecallGrooming": 0.2804507911205292, "PRCGrooming": 0.08009670674800873, "_wandb": {"runtime": 341}}