{"lossGrooming": 0.34175604581832886, "_timestamp": 1697973279.765822, "_runtime": 331.1722068786621, "_step": 8, "TruePositivesGrooming": 151.0, "FalsePositivesGrooming": 1269.0, "TrueNegativesGrooming": 28824.0, "FalseNegativesGrooming": 2156.0, "AccuracyGrooming": 0.8942901492118835, "PrecisionGrooming": 0.1063380315899849, "RecallGrooming": 0.06545297056436539, "PRCGrooming": 0.07944022119045258, "_wandb": {"runtime": 328}}