{"lossGrooming": 0.5573002099990845, "_timestamp": 1697972251.545682, "_runtime": 323.35219407081604, "_step": 8, "TruePositivesGrooming": 279.0, "FalsePositivesGrooming": 5602.0, "TrueNegativesGrooming": 24491.0, "FalseNegativesGrooming": 2028.0, "AccuracyGrooming": 0.7645061612129211, "PrecisionGrooming": 0.04744091257452965, "RecallGrooming": 0.12093628197908401, "PRCGrooming": 0.06717827171087265, "_wandb": {"runtime": 322}}