{"lossWall Rearing": 0.6959488391876221, "_timestamp": 1697993540.485055, "_runtime": 326.0110318660736, "_step": 8, "TruePositivesWall Rearing": 1537.0, "FalsePositivesWall Rearing": 9264.0, "TrueNegativesWall Rearing": 18834.0, "FalseNegativesWall Rearing": 2765.0, "AccuracyWall Rearing": 0.6287345886230469, "PrecisionWall Rearing": 0.14230163395404816, "RecallWall Rearing": 0.35727569460868835, "PRCWall Rearing": 0.1607935130596161, "_wandb": {"runtime": 324}}