{"lossWall Rearing": 0.6293665766716003, "_timestamp": 1698026471.408536, "_runtime": 318.73907494544983, "_step": 8, "TruePositivesWall Rearing": 644.0, "FalsePositivesWall Rearing": 3838.0, "TrueNegativesWall Rearing": 24260.0, "FalseNegativesWall Rearing": 3658.0, "AccuracyWall Rearing": 0.7686419486999512, "PrecisionWall Rearing": 0.14368584752082825, "RecallWall Rearing": 0.14969781041145325, "PRCWall Rearing": 0.13746556639671326, "_wandb": {"runtime": 317}}