{"lossMid Rearing": 0.7961630821228027, "_timestamp": 1697989070.273364, "_runtime": 343.55090618133545, "_step": 8, "TruePositivesMid Rearing": 1400.0, "FalsePositivesMid Rearing": 9902.0, "TrueNegativesMid Rearing": 19043.0, "FalseNegativesMid Rearing": 2055.0, "AccuracyMid Rearing": 0.630956768989563, "PrecisionMid Rearing": 0.12387187778949738, "RecallMid Rearing": 0.40520983934402466, "PRCMid Rearing": 0.12642772495746613, "_wandb": {"runtime": 342}}