{"lossGrooming": 0.9099997282028198, "_timestamp": 1698073662.964169, "_runtime": 337.1892521381378, "_step": 8, "TruePositivesGrooming": 982.0, "FalsePositivesGrooming": 13459.0, "TrueNegativesGrooming": 16634.0, "FalseNegativesGrooming": 1325.0, "AccuracyGrooming": 0.5437036752700806, "PrecisionGrooming": 0.06800083070993423, "RecallGrooming": 0.42566102743148804, "PRCGrooming": 0.06207459419965744, "_wandb": {"runtime": 336}}