{"lossMid Rearing": 0.48302051424980164, "_timestamp": 1698021037.094778, "_runtime": 346.3548300266266, "_step": 8, "TruePositivesMid Rearing": 746.0, "FalsePositivesMid Rearing": 3679.0, "TrueNegativesMid Rearing": 25266.0, "FalseNegativesMid Rearing": 2709.0, "AccuracyMid Rearing": 0.8028395175933838, "PrecisionMid Rearing": 0.1685875654220581, "RecallMid Rearing": 0.21591895818710327, "PRCMid Rearing": 0.1519271433353424, "_wandb": {"runtime": 344}}