{"lossGrooming": 1.171789288520813, "_timestamp": 1697999970.677719, "_runtime": 327.38555812835693, "_step": 8, "TruePositivesGrooming": 1381.0, "FalsePositivesGrooming": 19669.0, "TrueNegativesGrooming": 10424.0, "FalseNegativesGrooming": 926.0, "AccuracyGrooming": 0.3643518388271332, "PrecisionGrooming": 0.06560570001602173, "RecallGrooming": 0.598612904548645, "PRCGrooming": 0.06875593215227127, "_wandb": {"runtime": 326}}