{"lossGrooming": 0.683754026889801, "_timestamp": 1697916578.594947, "_runtime": 340.65973114967346, "_step": 8, "TruePositivesGrooming": 1199.0, "FalsePositivesGrooming": 9329.0, "TrueNegativesGrooming": 20764.0, "FalseNegativesGrooming": 1108.0, "AccuracyGrooming": 0.6778703927993774, "PrecisionGrooming": 0.11388678103685379, "RecallGrooming": 0.519722580909729, "PRCGrooming": 0.10110156983137131, "_wandb": {"runtime": 340}}