{"lossGrooming": 0.7108176946640015, "_timestamp": 1697895125.77184, "_runtime": 333.29054498672485, "_step": 8, "TruePositivesGrooming": 765.0, "FalsePositivesGrooming": 11570.0, "TrueNegativesGrooming": 18523.0, "FalseNegativesGrooming": 1542.0, "AccuracyGrooming": 0.5953086614608765, "PrecisionGrooming": 0.06201864778995514, "RecallGrooming": 0.33159947395324707, "PRCGrooming": 0.08412596583366394, "_wandb": {"runtime": 332}}