{"lossGrooming": 0.37146008014678955, "_timestamp": 1697947605.2320042, "_runtime": 336.7455720901489, "_step": 8, "TruePositivesGrooming": 117.0, "FalsePositivesGrooming": 1730.0, "TrueNegativesGrooming": 28363.0, "FalseNegativesGrooming": 2190.0, "AccuracyGrooming": 0.8790123462677002, "PrecisionGrooming": 0.06334596872329712, "RecallGrooming": 0.050715215504169464, "PRCGrooming": 0.05887783691287041, "_wandb": {"runtime": 335}}