{"lossWall Rearing": 0.5286206007003784, "_timestamp": 1697976006.352475, "_runtime": 318.7156949043274, "_step": 8, "TruePositivesWall Rearing": 1073.0, "FalsePositivesWall Rearing": 5132.0, "TrueNegativesWall Rearing": 22966.0, "FalseNegativesWall Rearing": 3229.0, "AccuracyWall Rearing": 0.741944432258606, "PrecisionWall Rearing": 0.17292505502700806, "RecallWall Rearing": 0.24941886961460114, "PRCWall Rearing": 0.15625403821468353, "_wandb": {"runtime": 317}}