{"lossGrooming": 0.47742876410484314, "_timestamp": 1698020686.645014, "_runtime": 338.4067621231079, "_step": 8, "TruePositivesGrooming": 413.0, "FalsePositivesGrooming": 2919.0, "TrueNegativesGrooming": 27174.0, "FalseNegativesGrooming": 1894.0, "AccuracyGrooming": 0.8514506220817566, "PrecisionGrooming": 0.1239495798945427, "RecallGrooming": 0.17902037501335144, "PRCGrooming": 0.10770344734191895, "_wandb": {"runtime": 337}}