{"lossGrooming": 0.44191914796829224, "_timestamp": 1698072271.319156, "_runtime": 343.9739110469818, "_step": 8, "TruePositivesGrooming": 358.0, "FalsePositivesGrooming": 3731.0, "TrueNegativesGrooming": 26362.0, "FalseNegativesGrooming": 1949.0, "AccuracyGrooming": 0.8246913552284241, "PrecisionGrooming": 0.08755196630954742, "RecallGrooming": 0.15517988801002502, "PRCGrooming": 0.0687662661075592, "_wandb": {"runtime": 342}}