{"lossMid Rearing": 0.45518767833709717, "_timestamp": 1697974646.610623, "_runtime": 334.24935698509216, "_step": 8, "TruePositivesMid Rearing": 562.0, "FalsePositivesMid Rearing": 2973.0, "TrueNegativesMid Rearing": 25972.0, "FalseNegativesMid Rearing": 2893.0, "AccuracyMid Rearing": 0.8189505934715271, "PrecisionMid Rearing": 0.15898160636425018, "RecallMid Rearing": 0.1626628041267395, "PRCMid Rearing": 0.13808782398700714, "_wandb": {"runtime": 332}}