{"Behaviour": "Wall Rearing", "_timestamp": 1697886271.574188, "_runtime": 337.7863609790802, "_step": 9, "loss": 0.7113449573516846, "TruePositives": 1905.0, "FalsePositives": 12388.0, "TrueNegatives": 15710.0, "FalseNegatives": 2397.0, "Accuracy": 0.5436728596687317, "Precision": 0.13328202068805695, "Recall": 0.4428173005580902, "PRC": 0.14696066081523895, "_wandb": {"runtime": 336}}