{"lossWall Rearing": 0.6544098854064941, "_timestamp": 1697935819.264823, "_runtime": 316.2503468990326, "_step": 8, "TruePositivesWall Rearing": 1185.0, "FalsePositivesWall Rearing": 8089.0, "TrueNegativesWall Rearing": 20009.0, "FalseNegativesWall Rearing": 3117.0, "AccuracyWall Rearing": 0.6541358232498169, "PrecisionWall Rearing": 0.12777657806873322, "RecallWall Rearing": 0.27545326948165894, "PRCWall Rearing": 0.1352829784154892, "_wandb": {"runtime": 314}}