{"lossGrooming": 0.970160186290741, "_timestamp": 1698091426.095486, "_runtime": 343.14405703544617, "_step": 8, "TruePositivesGrooming": 673.0, "FalsePositivesGrooming": 13182.0, "TrueNegativesGrooming": 16911.0, "FalseNegativesGrooming": 1634.0, "AccuracyGrooming": 0.5427160263061523, "PrecisionGrooming": 0.04857452213764191, "RecallGrooming": 0.29172083735466003, "PRCGrooming": 0.054833605885505676, "_wandb": {"runtime": 342}}