{"lossMid Rearing": 0.5439097881317139, "_timestamp": 1697909741.7493372, "_runtime": 337.8779191970825, "_step": 8, "TruePositivesMid Rearing": 1239.0, "FalsePositivesMid Rearing": 7083.0, "TrueNegativesMid Rearing": 21862.0, "FalseNegativesMid Rearing": 2216.0, "AccuracyMid Rearing": 0.7129938006401062, "PrecisionMid Rearing": 0.14888247847557068, "RecallMid Rearing": 0.35861071944236755, "PRCMid Rearing": 0.1347653865814209, "_wandb": {"runtime": 336}}