{"lossGrooming": 1.1624609231948853, "_timestamp": 1697951749.994852, "_runtime": 346.1788239479065, "_step": 8, "TruePositivesGrooming": 1315.0, "FalsePositivesGrooming": 14634.0, "TrueNegativesGrooming": 15459.0, "FalseNegativesGrooming": 992.0, "AccuracyGrooming": 0.5177160501480103, "PrecisionGrooming": 0.08245030790567398, "RecallGrooming": 0.5700043439865112, "PRCGrooming": 0.0980880856513977, "_wandb": {"runtime": 345}}