{"lossMid Rearing": 0.5138027667999268, "_timestamp": 1698006502.0668008, "_runtime": 364.1516637802124, "_step": 8, "TruePositivesMid Rearing": 906.0, "FalsePositivesMid Rearing": 4625.0, "TrueNegativesMid Rearing": 24320.0, "FalseNegativesMid Rearing": 2549.0, "AccuracyMid Rearing": 0.7785802483558655, "PrecisionMid Rearing": 0.16380400955677032, "RecallMid Rearing": 0.26222866773605347, "PRCMid Rearing": 0.15484802424907684, "_wandb": {"runtime": 362}}