{"lossGrooming": 0.5088553428649902, "_timestamp": 1698025792.500086, "_runtime": 337.52260398864746, "_step": 8, "TruePositivesGrooming": 372.0, "FalsePositivesGrooming": 4928.0, "TrueNegativesGrooming": 25165.0, "FalseNegativesGrooming": 1935.0, "AccuracyGrooming": 0.7881790399551392, "PrecisionGrooming": 0.07018867880105972, "RecallGrooming": 0.1612483710050583, "PRCGrooming": 0.083287812769413, "_wandb": {"runtime": 335}}