{"loss": 0.3295566737651825, "_timestamp": 1697714583.458594, "_runtime": 337.0744140148163, "_step": 0, "_wandb": {"runtime": 337}}