{"lossWall Rearing": 0.6277027130126953, "_timestamp": 1698001656.426167, "_runtime": 316.1088240146637, "_step": 8, "TruePositivesWall Rearing": 1257.0, "FalsePositivesWall Rearing": 6561.0, "TrueNegativesWall Rearing": 21537.0, "FalseNegativesWall Rearing": 3045.0, "AccuracyWall Rearing": 0.7035185098648071, "PrecisionWall Rearing": 0.1607828140258789, "RecallWall Rearing": 0.29218968749046326, "PRCWall Rearing": 0.16196273267269135, "_wandb": {"runtime": 314}}