{"lossMid Rearing": 0.4821946918964386, "_timestamp": 1697983977.481215, "_runtime": 362.6023619174957, "_step": 8, "TruePositivesMid Rearing": 814.0, "FalsePositivesMid Rearing": 4148.0, "TrueNegativesMid Rearing": 24797.0, "FalseNegativesMid Rearing": 2641.0, "AccuracyMid Rearing": 0.7904629707336426, "PrecisionMid Rearing": 0.1640467494726181, "RecallMid Rearing": 0.2356005758047104, "PRCMid Rearing": 0.14456170797348022, "_wandb": {"runtime": 361}}