{"lossWall Rearing": 0.6920245885848999, "_timestamp": 1697904999.510684, "_runtime": 327.89530897140503, "_step": 8, "TruePositivesWall Rearing": 1214.0, "FalsePositivesWall Rearing": 7971.0, "TrueNegativesWall Rearing": 20127.0, "FalseNegativesWall Rearing": 3088.0, "AccuracyWall Rearing": 0.6586728692054749, "PrecisionWall Rearing": 0.13217201828956604, "RecallWall Rearing": 0.2821943163871765, "PRCWall Rearing": 0.14415237307548523, "_wandb": {"runtime": 326}}