{"lossGrooming": 0.522200345993042, "_timestamp": 1698065308.432482, "_runtime": 333.3334240913391, "_step": 8, "TruePositivesGrooming": 497.0, "FalsePositivesGrooming": 5409.0, "TrueNegativesGrooming": 24684.0, "FalseNegativesGrooming": 1810.0, "AccuracyGrooming": 0.7771913409233093, "PrecisionGrooming": 0.08415170758962631, "RecallGrooming": 0.2154313027858734, "PRCGrooming": 0.11821181327104568, "_wandb": {"runtime": 332}}