{"lossWall Rearing": 0.4989642798900604, "_timestamp": 1697943059.545575, "_runtime": 324.68771982192993, "_step": 8, "TruePositivesWall Rearing": 558.0, "FalsePositivesWall Rearing": 3585.0, "TrueNegativesWall Rearing": 24513.0, "FalseNegativesWall Rearing": 3744.0, "AccuracyWall Rearing": 0.7737963199615479, "PrecisionWall Rearing": 0.13468500971794128, "RecallWall Rearing": 0.12970711290836334, "PRCWall Rearing": 0.14581525325775146, "_wandb": {"runtime": 322}}