{"lossMid Rearing": 0.39278510212898254, "_timestamp": 1697904667.0149581, "_runtime": 359.001668214798, "_step": 8, "TruePositivesMid Rearing": 551.0, "FalsePositivesMid Rearing": 1846.0, "TrueNegativesMid Rearing": 27099.0, "FalseNegativesMid Rearing": 2904.0, "AccuracyMid Rearing": 0.8533950448036194, "PrecisionMid Rearing": 0.22987067699432373, "RecallMid Rearing": 0.159479022026062, "PRCMid Rearing": 0.17258989810943604, "_wandb": {"runtime": 357}}