{"lossMid Rearing": 0.3986666202545166, "_timestamp": 1697947953.183496, "_runtime": 343.60728311538696, "_step": 8, "TruePositivesMid Rearing": 627.0, "FalsePositivesMid Rearing": 1906.0, "TrueNegativesMid Rearing": 27039.0, "FalseNegativesMid Rearing": 2828.0, "AccuracyMid Rearing": 0.8538888692855835, "PrecisionMid Rearing": 0.24753257632255554, "RecallMid Rearing": 0.18147611618041992, "PRCMid Rearing": 0.17518848180770874, "_wandb": {"runtime": 342}}