{"lossWall Rearing": 0.8751394748687744, "_timestamp": 1697924512.620288, "_runtime": 318.3637399673462, "_step": 8, "TruePositivesWall Rearing": 1866.0, "FalsePositivesWall Rearing": 11406.0, "TrueNegativesWall Rearing": 16692.0, "FalseNegativesWall Rearing": 2436.0, "AccuracyWall Rearing": 0.5727777481079102, "PrecisionWall Rearing": 0.14059674739837646, "RecallWall Rearing": 0.4337517321109772, "PRCWall Rearing": 0.15325333178043365, "_wandb": {"runtime": 316}}