{"lossWall Rearing": 0.5021572113037109, "_timestamp": 1698025440.1367638, "_runtime": 318.9033749103546, "_step": 8, "TruePositivesWall Rearing": 527.0, "FalsePositivesWall Rearing": 2235.0, "TrueNegativesWall Rearing": 25863.0, "FalseNegativesWall Rearing": 3775.0, "AccuracyWall Rearing": 0.8145061731338501, "PrecisionWall Rearing": 0.19080376625061035, "RecallWall Rearing": 0.12250116467475891, "PRCWall Rearing": 0.1680091917514801, "_wandb": {"runtime": 317}}