{"lossMid Rearing": 0.4285389482975006, "_timestamp": 1697981918.0867789, "_runtime": 345.59324383735657, "_step": 8, "TruePositivesMid Rearing": 642.0, "FalsePositivesMid Rearing": 2647.0, "TrueNegativesMid Rearing": 26298.0, "FalseNegativesMid Rearing": 2813.0, "AccuracyMid Rearing": 0.8314814567565918, "PrecisionMid Rearing": 0.19519610702991486, "RecallMid Rearing": 0.1858176589012146, "PRCMid Rearing": 0.15745604038238525, "_wandb": {"runtime": 344}}