{"lossWall Rearing": 0.6562828421592712, "_timestamp": 1697981216.316798, "_runtime": 331.47485303878784, "_step": 8, "TruePositivesWall Rearing": 2030.0, "FalsePositivesWall Rearing": 10279.0, "TrueNegativesWall Rearing": 17819.0, "FalseNegativesWall Rearing": 2272.0, "AccuracyWall Rearing": 0.6126234531402588, "PrecisionWall Rearing": 0.16491997241973877, "RecallWall Rearing": 0.47187355160713196, "PRCWall Rearing": 0.19149407744407654, "_wandb": {"runtime": 329}}