{"lossGrooming": 0.45311474800109863, "_timestamp": 1698489598.231801, "_runtime": 333.6487181186676, "_step": 8, "TruePositivesGrooming": 177.0, "FalsePositivesGrooming": 3053.0, "TrueNegativesGrooming": 27040.0, "FalseNegativesGrooming": 2130.0, "AccuracyGrooming": 0.84003084897995, "PrecisionGrooming": 0.05479876324534416, "RecallGrooming": 0.07672301679849625, "PRCGrooming": 0.06042960286140442, "_wandb": {"runtime": 332}}