{"lossMid Rearing": 0.5237988233566284, "_timestamp": 1697988043.233093, "_runtime": 329.69465613365173, "_step": 8, "TruePositivesMid Rearing": 725.0, "FalsePositivesMid Rearing": 5267.0, "TrueNegativesMid Rearing": 23678.0, "FalseNegativesMid Rearing": 2730.0, "AccuracyMid Rearing": 0.7531790137290955, "PrecisionMid Rearing": 0.12099465727806091, "RecallMid Rearing": 0.2098408043384552, "PRCMid Rearing": 0.11912569403648376, "_wandb": {"runtime": 327}}