{"lossMid Rearing": 0.6195495128631592, "_timestamp": 1697978803.2127712, "_runtime": 364.8038332462311, "_step": 8, "TruePositivesMid Rearing": 1064.0, "FalsePositivesMid Rearing": 6438.0, "TrueNegativesMid Rearing": 22507.0, "FalseNegativesMid Rearing": 2391.0, "AccuracyMid Rearing": 0.7275000214576721, "PrecisionMid Rearing": 0.14182884991168976, "RecallMid Rearing": 0.3079594671726227, "PRCMid Rearing": 0.1399417668581009, "_wandb": {"runtime": 363}}