{"lossGrooming": 0.4805431365966797, "_timestamp": 1697985673.1680331, "_runtime": 334.96504306793213, "_step": 8, "TruePositivesGrooming": 436.0, "FalsePositivesGrooming": 4407.0, "TrueNegativesGrooming": 25686.0, "FalseNegativesGrooming": 1871.0, "AccuracyGrooming": 0.8062345385551453, "PrecisionGrooming": 0.0900268405675888, "RecallGrooming": 0.1889900267124176, "PRCGrooming": 0.08717228472232819, "_wandb": {"runtime": 334}}