{"lossGrooming": 0.44325554370880127, "_timestamp": 1698064248.79251, "_runtime": 336.51891708374023, "_step": 8, "TruePositivesGrooming": 54.0, "FalsePositivesGrooming": 3242.0, "TrueNegativesGrooming": 26851.0, "FalseNegativesGrooming": 2253.0, "AccuracyGrooming": 0.8304012417793274, "PrecisionGrooming": 0.016383495181798935, "RecallGrooming": 0.023407021537423134, "PRCGrooming": 0.053761158138513565, "_wandb": {"runtime": 335}}