{"lossGrooming": 0.353985458612442, "_timestamp": 1698085501.188632, "_runtime": 346.17495703697205, "_step": 8, "TruePositivesGrooming": 322.0, "FalsePositivesGrooming": 1924.0, "TrueNegativesGrooming": 28169.0, "FalseNegativesGrooming": 1985.0, "AccuracyGrooming": 0.8793518543243408, "PrecisionGrooming": 0.1433659791946411, "RecallGrooming": 0.13957521319389343, "PRCGrooming": 0.10342178493738174, "_wandb": {"runtime": 345}}