{"lossGrooming": 0.4870981276035309, "_timestamp": 1698016565.415287, "_runtime": 335.4229619503021, "_step": 8, "TruePositivesGrooming": 129.0, "FalsePositivesGrooming": 3466.0, "TrueNegativesGrooming": 26627.0, "FalseNegativesGrooming": 2178.0, "AccuracyGrooming": 0.8258024454116821, "PrecisionGrooming": 0.03588316962122917, "RecallGrooming": 0.05591677501797676, "PRCGrooming": 0.06011751666665077, "_wandb": {"runtime": 334}}