{"lossMid Rearing": 0.41528135538101196, "_timestamp": 1697899563.458272, "_runtime": 339.5626699924469, "_step": 8, "TruePositivesMid Rearing": 427.0, "FalsePositivesMid Rearing": 1497.0, "TrueNegativesMid Rearing": 27448.0, "FalseNegativesMid Rearing": 3028.0, "AccuracyMid Rearing": 0.8603395223617554, "PrecisionMid Rearing": 0.22193346917629242, "RecallMid Rearing": 0.12358900159597397, "PRCMid Rearing": 0.15156704187393188, "_wandb": {"runtime": 337}}