{"lossGrooming": 0.4674631655216217, "_timestamp": 1698487899.92667, "_runtime": 340.7982921600342, "_step": 8, "TruePositivesGrooming": 216.0, "FalsePositivesGrooming": 3174.0, "TrueNegativesGrooming": 26919.0, "FalseNegativesGrooming": 2091.0, "AccuracyGrooming": 0.8374999761581421, "PrecisionGrooming": 0.0637168139219284, "RecallGrooming": 0.09362808614969254, "PRCGrooming": 0.0771358460187912, "_wandb": {"runtime": 340}}