{"lossGrooming": 0.49824240803718567, "_timestamp": 1697954833.5118332, "_runtime": 334.4175581932068, "_step": 8, "TruePositivesGrooming": 362.0, "FalsePositivesGrooming": 3306.0, "TrueNegativesGrooming": 26787.0, "FalseNegativesGrooming": 1945.0, "AccuracyGrooming": 0.8379321098327637, "PrecisionGrooming": 0.09869138151407242, "RecallGrooming": 0.15691374242305756, "PRCGrooming": 0.09036129713058472, "_wandb": {"runtime": 332}}