{"lossGrooming": 0.8235599398612976, "_timestamp": 1698054128.300765, "_runtime": 335.33709812164307, "_step": 8, "TruePositivesGrooming": 1028.0, "FalsePositivesGrooming": 11349.0, "TrueNegativesGrooming": 18744.0, "FalseNegativesGrooming": 1279.0, "AccuracyGrooming": 0.6102468967437744, "PrecisionGrooming": 0.08305728435516357, "RecallGrooming": 0.44560036063194275, "PRCGrooming": 0.09393635392189026, "_wandb": {"runtime": 334}}