{"lossGrooming": 0.4596032500267029, "_timestamp": 1698092137.575967, "_runtime": 337.1070091724396, "_step": 8, "TruePositivesGrooming": 238.0, "FalsePositivesGrooming": 3560.0, "TrueNegativesGrooming": 26533.0, "FalseNegativesGrooming": 2069.0, "AccuracyGrooming": 0.8262654542922974, "PrecisionGrooming": 0.06266456097364426, "RecallGrooming": 0.10316428542137146, "PRCGrooming": 0.06112190708518028, "_wandb": {"runtime": 333}}