{"lossGrooming": 0.4887644946575165, "_timestamp": 1698076807.764461, "_runtime": 336.54747700691223, "_step": 8, "TruePositivesGrooming": 289.0, "FalsePositivesGrooming": 4131.0, "TrueNegativesGrooming": 25962.0, "FalseNegativesGrooming": 2018.0, "AccuracyGrooming": 0.8102160692214966, "PrecisionGrooming": 0.06538461893796921, "RecallGrooming": 0.12527091801166534, "PRCGrooming": 0.07301700115203857, "_wandb": {"runtime": 335}}