{"lossMid Rearing": 0.47204190492630005, "_timestamp": 1697922121.22245, "_runtime": 352.5304961204529, "_step": 8, "TruePositivesMid Rearing": 509.0, "FalsePositivesMid Rearing": 3073.0, "TrueNegativesMid Rearing": 25872.0, "FalseNegativesMid Rearing": 2946.0, "AccuracyMid Rearing": 0.8142284154891968, "PrecisionMid Rearing": 0.14209938049316406, "RecallMid Rearing": 0.14732271432876587, "PRCMid Rearing": 0.130534827709198, "_wandb": {"runtime": 351}}