{"lossGrooming": 0.6776496767997742, "_timestamp": 1698035020.562298, "_runtime": 331.51786613464355, "_step": 8, "TruePositivesGrooming": 554.0, "FalsePositivesGrooming": 8200.0, "TrueNegativesGrooming": 21893.0, "FalseNegativesGrooming": 1753.0, "AccuracyGrooming": 0.6928086280822754, "PrecisionGrooming": 0.06328535825014114, "RecallGrooming": 0.2401387095451355, "PRCGrooming": 0.06825344264507294, "_wandb": {"runtime": 330}}