{"lossGrooming": 0.5715386271476746, "_timestamp": 1698055856.293802, "_runtime": 323.61637711524963, "_step": 8, "TruePositivesGrooming": 332.0, "FalsePositivesGrooming": 5991.0, "TrueNegativesGrooming": 24102.0, "FalseNegativesGrooming": 1975.0, "AccuracyGrooming": 0.75413578748703, "PrecisionGrooming": 0.05250672250986099, "RecallGrooming": 0.14390984177589417, "PRCGrooming": 0.056018851697444916, "_wandb": {"runtime": 322}}