{"lossGrooming": 0.47837796807289124, "_timestamp": 1698072966.468472, "_runtime": 327.4509310722351, "_step": 8, "TruePositivesGrooming": 330.0, "FalsePositivesGrooming": 4132.0, "TrueNegativesGrooming": 25961.0, "FalseNegativesGrooming": 1977.0, "AccuracyGrooming": 0.8114506006240845, "PrecisionGrooming": 0.07395786792039871, "RecallGrooming": 0.1430429071187973, "PRCGrooming": 0.07412480562925339, "_wandb": {"runtime": 326}}