{"lossWall Rearing": 0.6146900057792664, "_timestamp": 1697950354.971447, "_runtime": 323.417466878891, "_step": 8, "TruePositivesWall Rearing": 1142.0, "FalsePositivesWall Rearing": 5303.0, "TrueNegativesWall Rearing": 22795.0, "FalseNegativesWall Rearing": 3160.0, "AccuracyWall Rearing": 0.7387962937355042, "PrecisionWall Rearing": 0.1771916151046753, "RecallWall Rearing": 0.2654579281806946, "PRCWall Rearing": 0.16127142310142517, "_wandb": {"runtime": 321}}