{"lossMid Rearing": 0.7237404584884644, "_timestamp": 1698039468.2495081, "_runtime": 332.97319412231445, "_step": 8, "TruePositivesMid Rearing": 1725.0, "FalsePositivesMid Rearing": 10687.0, "TrueNegativesMid Rearing": 18258.0, "FalseNegativesMid Rearing": 1730.0, "AccuracyMid Rearing": 0.6167592406272888, "PrecisionMid Rearing": 0.13897840678691864, "RecallMid Rearing": 0.49927639961242676, "PRCMid Rearing": 0.13130302727222443, "_wandb": {"runtime": 331}}