{"lossGrooming": 0.3505442142486572, "_timestamp": 1698075750.9947488, "_runtime": 340.45421171188354, "_step": 8, "TruePositivesGrooming": 94.0, "FalsePositivesGrooming": 469.0, "TrueNegativesGrooming": 29624.0, "FalseNegativesGrooming": 2213.0, "AccuracyGrooming": 0.9172222018241882, "PrecisionGrooming": 0.16696269810199738, "RecallGrooming": 0.040745556354522705, "PRCGrooming": 0.07368354499340057, "_wandb": {"runtime": 339}}