{"lossGrooming": 0.7221600413322449, "_timestamp": 1698068768.122008, "_runtime": 330.92277908325195, "_step": 8, "TruePositivesGrooming": 1204.0, "FalsePositivesGrooming": 11196.0, "TrueNegativesGrooming": 18897.0, "FalseNegativesGrooming": 1103.0, "AccuracyGrooming": 0.6204012632369995, "PrecisionGrooming": 0.0970967710018158, "RecallGrooming": 0.5218899250030518, "PRCGrooming": 0.09857136756181717, "_wandb": {"runtime": 330}}