{"loss": 0.35959991812705994, "_timestamp": 1697784128.844256, "_runtime": 330.78341603279114, "_step": 0, "_wandb": {"runtime": 331}}