{"lossGrooming": 1.1104766130447388, "_timestamp": 1697937199.040428, "_runtime": 344.16254687309265, "_step": 8, "TruePositivesGrooming": 1071.0, "FalsePositivesGrooming": 15588.0, "TrueNegativesGrooming": 14505.0, "FalseNegativesGrooming": 1236.0, "AccuracyGrooming": 0.4807407259941101, "PrecisionGrooming": 0.06428956985473633, "RecallGrooming": 0.4642392694950104, "PRCGrooming": 0.08622395992279053, "_wandb": {"runtime": 343}}