{"lossMid Rearing": 0.6162283420562744, "_timestamp": 1698031276.843816, "_runtime": 344.6808910369873, "_step": 8, "TruePositivesMid Rearing": 1325.0, "FalsePositivesMid Rearing": 8324.0, "TrueNegativesMid Rearing": 20621.0, "FalseNegativesMid Rearing": 2130.0, "AccuracyMid Rearing": 0.6773456931114197, "PrecisionMid Rearing": 0.1373199224472046, "RecallMid Rearing": 0.38350218534469604, "PRCMid Rearing": 0.13846087455749512, "_wandb": {"runtime": 343}}