{"lossGrooming": 0.5706784725189209, "_timestamp": 1697935131.669711, "_runtime": 339.8268311023712, "_step": 8, "TruePositivesGrooming": 828.0, "FalsePositivesGrooming": 5584.0, "TrueNegativesGrooming": 24509.0, "FalseNegativesGrooming": 1479.0, "AccuracyGrooming": 0.7820061445236206, "PrecisionGrooming": 0.12913288176059723, "RecallGrooming": 0.35890766978263855, "PRCGrooming": 0.14457090198993683, "_wandb": {"runtime": 339}}