{"lossGrooming": 0.6379402875900269, "_timestamp": 1697920718.866413, "_runtime": 326.3417570590973, "_step": 8, "TruePositivesGrooming": 437.0, "FalsePositivesGrooming": 7901.0, "TrueNegativesGrooming": 22192.0, "FalseNegativesGrooming": 1870.0, "AccuracyGrooming": 0.6984259486198425, "PrecisionGrooming": 0.05241065099835396, "RecallGrooming": 0.18942348659038544, "PRCGrooming": 0.058153264224529266, "_wandb": {"runtime": 325}}