{"lossWall Rearing": 0.6267842650413513, "_timestamp": 1697890677.7510478, "_runtime": 316.8523108959198, "_step": 8, "TruePositivesWall Rearing": 512.0, "FalsePositivesWall Rearing": 3783.0, "TrueNegativesWall Rearing": 24315.0, "FalseNegativesWall Rearing": 3790.0, "AccuracyWall Rearing": 0.7662654519081116, "PrecisionWall Rearing": 0.11920838057994843, "RecallWall Rearing": 0.11901441216468811, "PRCWall Rearing": 0.1296093463897705, "_wandb": {"runtime": 315}}