{"lossWall Rearing": 0.6427254676818848, "_timestamp": 1697973950.6023412, "_runtime": 322.3075342178345, "_step": 8, "TruePositivesWall Rearing": 1450.0, "FalsePositivesWall Rearing": 8794.0, "TrueNegativesWall Rearing": 19304.0, "FalseNegativesWall Rearing": 2852.0, "AccuracyWall Rearing": 0.6405555605888367, "PrecisionWall Rearing": 0.14154626429080963, "RecallWall Rearing": 0.33705252408981323, "PRCWall Rearing": 0.1584148108959198, "_wandb": {"runtime": 320}}