{"lossWall Rearing": 0.8229293823242188, "_timestamp": 1697891681.0063848, "_runtime": 320.3450219631195, "_step": 8, "TruePositivesWall Rearing": 2175.0, "FalsePositivesWall Rearing": 12747.0, "TrueNegativesWall Rearing": 15351.0, "FalseNegativesWall Rearing": 2127.0, "AccuracyWall Rearing": 0.540925920009613, "PrecisionWall Rearing": 0.14575794339179993, "RecallWall Rearing": 0.5055788159370422, "PRCWall Rearing": 0.15211117267608643, "_wandb": {"runtime": 318}}