{"lossGrooming": 0.5607181191444397, "_timestamp": 1697961007.893881, "_runtime": 332.5320601463318, "_step": 8, "TruePositivesGrooming": 725.0, "FalsePositivesGrooming": 6177.0, "TrueNegativesGrooming": 23916.0, "FalseNegativesGrooming": 1582.0, "AccuracyGrooming": 0.7605246901512146, "PrecisionGrooming": 0.10504201799631119, "RecallGrooming": 0.31426095962524414, "PRCGrooming": 0.10605566948652267, "_wandb": {"runtime": 331}}