{"lossMid Rearing": 0.5202569365501404, "_timestamp": 1697896480.6467571, "_runtime": 319.16805720329285, "_step": 8, "TruePositivesMid Rearing": 554.0, "FalsePositivesMid Rearing": 3131.0, "TrueNegativesMid Rearing": 25814.0, "FalseNegativesMid Rearing": 2901.0, "AccuracyMid Rearing": 0.8138271570205688, "PrecisionMid Rearing": 0.15033921599388123, "RecallMid Rearing": 0.1603473275899887, "PRCMid Rearing": 0.12686602771282196, "_wandb": {"runtime": 317}}