{"lossGrooming": 0.5998528003692627, "_timestamp": 1697905337.329798, "_runtime": 321.91995787620544, "_step": 8, "TruePositivesGrooming": 1029.0, "FalsePositivesGrooming": 8665.0, "TrueNegativesGrooming": 21428.0, "FalseNegativesGrooming": 1278.0, "AccuracyGrooming": 0.6931172609329224, "PrecisionGrooming": 0.1061481311917305, "RecallGrooming": 0.4460338056087494, "PRCGrooming": 0.11682061105966568, "_wandb": {"runtime": 321}}