{"lossWall Rearing": 0.684011697769165, "_timestamp": 1697994553.079434, "_runtime": 317.76073598861694, "_step": 8, "TruePositivesWall Rearing": 1945.0, "FalsePositivesWall Rearing": 9597.0, "TrueNegativesWall Rearing": 18501.0, "FalseNegativesWall Rearing": 2357.0, "AccuracyWall Rearing": 0.631049394607544, "PrecisionWall Rearing": 0.16851498186588287, "RecallWall Rearing": 0.4521152973175049, "PRCWall Rearing": 0.17667928338050842, "_wandb": {"runtime": 316}}