{"lossWall Rearing": 0.6572612524032593, "_timestamp": 1697969881.2355762, "_runtime": 324.0191481113434, "_step": 8, "TruePositivesWall Rearing": 1036.0, "FalsePositivesWall Rearing": 6217.0, "TrueNegativesWall Rearing": 21881.0, "FalseNegativesWall Rearing": 3266.0, "AccuracyWall Rearing": 0.7073147892951965, "PrecisionWall Rearing": 0.14283744990825653, "RecallWall Rearing": 0.24081821739673615, "PRCWall Rearing": 0.1495477855205536, "_wandb": {"runtime": 322}}