{"lossGrooming": 0.6856155395507812, "_timestamp": 1697921762.805346, "_runtime": 332.65899896621704, "_step": 8, "TruePositivesGrooming": 1536.0, "FalsePositivesGrooming": 14133.0, "TrueNegativesGrooming": 15960.0, "FalseNegativesGrooming": 771.0, "AccuracyGrooming": 0.5400000214576721, "PrecisionGrooming": 0.09802795201539993, "RecallGrooming": 0.6657997369766235, "PRCGrooming": 0.10530070960521698, "_wandb": {"runtime": 331}}