{"lossGrooming": 0.4114292860031128, "_timestamp": 1698080296.2407072, "_runtime": 334.15875005722046, "_step": 8, "TruePositivesGrooming": 304.0, "FalsePositivesGrooming": 2731.0, "TrueNegativesGrooming": 27362.0, "FalseNegativesGrooming": 2003.0, "AccuracyGrooming": 0.8538888692855835, "PrecisionGrooming": 0.1001647412776947, "RecallGrooming": 0.13177286088466644, "PRCGrooming": 0.07840519398450851, "_wandb": {"runtime": 333}}