{"lossGrooming": 0.4252084791660309, "_timestamp": 1698049235.916724, "_runtime": 334.8902668952942, "_step": 8, "TruePositivesGrooming": 275.0, "FalsePositivesGrooming": 3617.0, "TrueNegativesGrooming": 26476.0, "FalseNegativesGrooming": 2032.0, "AccuracyGrooming": 0.8256481289863586, "PrecisionGrooming": 0.07065775990486145, "RecallGrooming": 0.11920242756605148, "PRCGrooming": 0.06507676094770432, "_wandb": {"runtime": 333}}