{"lossWall Rearing": 0.6465407013893127, "_timestamp": 1697922448.388475, "_runtime": 322.4307689666748, "_step": 8, "TruePositivesWall Rearing": 1557.0, "FalsePositivesWall Rearing": 9466.0, "TrueNegativesWall Rearing": 18632.0, "FalseNegativesWall Rearing": 2745.0, "AccuracyWall Rearing": 0.6231172680854797, "PrecisionWall Rearing": 0.1412501186132431, "RecallWall Rearing": 0.3619246780872345, "PRCWall Rearing": 0.14465907216072083, "_wandb": {"runtime": 320}}