{"Behaviour": "Mid Rearing", "_timestamp": 1697885929.467693, "_runtime": 331.52313017845154, "_step": 9, "loss": 0.5339419841766357, "TruePositives": 957.0, "FalsePositives": 5382.0, "TrueNegatives": 23563.0, "FalseNegatives": 2498.0, "Accuracy": 0.7567901015281677, "Precision": 0.1509701907634735, "Recall": 0.2769898772239685, "PRC": 0.14540642499923706, "_wandb": {"runtime": 330}}