{"lossMid Rearing": 0.5631100535392761, "_timestamp": 1697960328.5692139, "_runtime": 338.1334719657898, "_step": 8, "TruePositivesMid Rearing": 791.0, "FalsePositivesMid Rearing": 4673.0, "TrueNegativesMid Rearing": 24272.0, "FalseNegativesMid Rearing": 2664.0, "AccuracyMid Rearing": 0.7735493779182434, "PrecisionMid Rearing": 0.1447657346725464, "RecallMid Rearing": 0.22894355654716492, "PRCMid Rearing": 0.12587764859199524, "_wandb": {"runtime": 336}}