{"lossGrooming": 1.3659898042678833, "_timestamp": 1698074707.82154, "_runtime": 330.9158971309662, "_step": 8, "TruePositivesGrooming": 1486.0, "FalsePositivesGrooming": 18276.0, "TrueNegativesGrooming": 11817.0, "FalseNegativesGrooming": 821.0, "AccuracyGrooming": 0.410586416721344, "PrecisionGrooming": 0.0751948207616806, "RecallGrooming": 0.6441265940666199, "PRCGrooming": 0.0855908989906311, "_wandb": {"runtime": 330}}