{"lossGrooming": 0.4361606240272522, "_timestamp": 1697891018.06623, "_runtime": 325.4016110897064, "_step": 8, "TruePositivesGrooming": 34.0, "FalsePositivesGrooming": 1383.0, "TrueNegativesGrooming": 28710.0, "FalseNegativesGrooming": 2273.0, "AccuracyGrooming": 0.8871604800224304, "PrecisionGrooming": 0.023994354531168938, "RecallGrooming": 0.014737755060195923, "PRCGrooming": 0.04683443158864975, "_wandb": {"runtime": 324}}