{"lossGrooming": 0.5589661002159119, "_timestamp": 1697915546.316244, "_runtime": 329.37521982192993, "_step": 8, "TruePositivesGrooming": 321.0, "FalsePositivesGrooming": 5483.0, "TrueNegativesGrooming": 24610.0, "FalseNegativesGrooming": 1986.0, "AccuracyGrooming": 0.7694752812385559, "PrecisionGrooming": 0.05530668422579765, "RecallGrooming": 0.1391417384147644, "PRCGrooming": 0.06492593884468079, "_wandb": {"runtime": 328}}