{"lossMid Rearing": 0.4847314655780792, "_timestamp": 1698009664.632672, "_runtime": 347.74199199676514, "_step": 8, "TruePositivesMid Rearing": 670.0, "FalsePositivesMid Rearing": 2699.0, "TrueNegativesMid Rearing": 26246.0, "FalseNegativesMid Rearing": 2785.0, "AccuracyMid Rearing": 0.830740749835968, "PrecisionMid Rearing": 0.19887207448482513, "RecallMid Rearing": 0.19392184913158417, "PRCMid Rearing": 0.16000089049339294, "_wandb": {"runtime": 346}}