{"lossGrooming": 0.4162839949131012, "_timestamp": 1697927938.792336, "_runtime": 327.2793800830841, "_step": 8, "TruePositivesGrooming": 295.0, "FalsePositivesGrooming": 3131.0, "TrueNegativesGrooming": 26962.0, "FalseNegativesGrooming": 2012.0, "AccuracyGrooming": 0.8412654399871826, "PrecisionGrooming": 0.08610624819993973, "RecallGrooming": 0.12787169218063354, "PRCGrooming": 0.07114468514919281, "_wandb": {"runtime": 325}}