{"lossGrooming": 0.5989760160446167, "_timestamp": 1697978432.427826, "_runtime": 336.88097381591797, "_step": 8, "TruePositivesGrooming": 197.0, "FalsePositivesGrooming": 5903.0, "TrueNegativesGrooming": 24190.0, "FalseNegativesGrooming": 2110.0, "AccuracyGrooming": 0.7526851892471313, "PrecisionGrooming": 0.03229508176445961, "RecallGrooming": 0.08539228141307831, "PRCGrooming": 0.0521257221698761, "_wandb": {"runtime": 336}}