{"lossGrooming": 0.7302601933479309, "_timestamp": 1697900221.723354, "_runtime": 320.72000002861023, "_step": 8, "TruePositivesGrooming": 594.0, "FalsePositivesGrooming": 9539.0, "TrueNegativesGrooming": 20554.0, "FalseNegativesGrooming": 1713.0, "AccuracyGrooming": 0.6527160406112671, "PrecisionGrooming": 0.05862034857273102, "RecallGrooming": 0.2574772536754608, "PRCGrooming": 0.07244135439395905, "_wandb": {"runtime": 319}}