{"lossGrooming": 0.485952228307724, "_timestamp": 1697942374.955947, "_runtime": 332.8488609790802, "_step": 8, "TruePositivesGrooming": 526.0, "FalsePositivesGrooming": 4371.0, "TrueNegativesGrooming": 25722.0, "FalseNegativesGrooming": 1781.0, "AccuracyGrooming": 0.8101234436035156, "PrecisionGrooming": 0.10741270333528519, "RecallGrooming": 0.22800172865390778, "PRCGrooming": 0.0853080302476883, "_wandb": {"runtime": 332}}