{"lossGrooming": 0.5077112913131714, "_timestamp": 1698481647.553909, "_runtime": 334.4852681159973, "_step": 8, "TruePositivesGrooming": 236.0, "FalsePositivesGrooming": 4463.0, "TrueNegativesGrooming": 25630.0, "FalseNegativesGrooming": 2071.0, "AccuracyGrooming": 0.7983333468437195, "PrecisionGrooming": 0.0502234511077404, "RecallGrooming": 0.1022973582148552, "PRCGrooming": 0.06040625274181366, "_wandb": {"runtime": 333}}