{"lossWall Rearing": 0.6734349131584167, "_timestamp": 1697959637.53758, "_runtime": 326.42413210868835, "_step": 8, "TruePositivesWall Rearing": 1677.0, "FalsePositivesWall Rearing": 8397.0, "TrueNegativesWall Rearing": 19701.0, "FalseNegativesWall Rearing": 2625.0, "AccuracyWall Rearing": 0.6598148345947266, "PrecisionWall Rearing": 0.16646812856197357, "RecallWall Rearing": 0.3898186981678009, "PRCWall Rearing": 0.15985579788684845, "_wandb": {"runtime": 324}}