{"lossWall Rearing": 0.7144020795822144, "_timestamp": 1697896804.401066, "_runtime": 319.5468580722809, "_step": 8, "TruePositivesWall Rearing": 1603.0, "FalsePositivesWall Rearing": 8883.0, "TrueNegativesWall Rearing": 19215.0, "FalseNegativesWall Rearing": 2699.0, "AccuracyWall Rearing": 0.6425308585166931, "PrecisionWall Rearing": 0.15287049114704132, "RecallWall Rearing": 0.3726173937320709, "PRCWall Rearing": 0.15684011578559875, "_wandb": {"runtime": 317}}