{"lossWall Rearing": 0.5650381445884705, "_timestamp": 1698003695.272713, "_runtime": 314.54525899887085, "_step": 8, "TruePositivesWall Rearing": 476.0, "FalsePositivesWall Rearing": 3553.0, "TrueNegativesWall Rearing": 24545.0, "FalseNegativesWall Rearing": 3826.0, "AccuracyWall Rearing": 0.7722530961036682, "PrecisionWall Rearing": 0.1181434616446495, "RecallWall Rearing": 0.11064621061086655, "PRCWall Rearing": 0.12958312034606934, "_wandb": {"runtime": 313}}