{"lossMid Rearing": 0.4913221299648285, "_timestamp": 1697985000.8275342, "_runtime": 351.590939283371, "_step": 8, "TruePositivesMid Rearing": 771.0, "FalsePositivesMid Rearing": 3657.0, "TrueNegativesMid Rearing": 25288.0, "FalseNegativesMid Rearing": 2684.0, "AccuracyMid Rearing": 0.8042901158332825, "PrecisionMid Rearing": 0.174119234085083, "RecallMid Rearing": 0.22315484285354614, "PRCMid Rearing": 0.14561203122138977, "_wandb": {"runtime": 349}}