{"lossMid Rearing": 0.4684537351131439, "_timestamp": 1697929309.027154, "_runtime": 349.63150000572205, "_step": 8, "TruePositivesMid Rearing": 529.0, "FalsePositivesMid Rearing": 2410.0, "TrueNegativesMid Rearing": 26535.0, "FalseNegativesMid Rearing": 2926.0, "AccuracyMid Rearing": 0.8353086709976196, "PrecisionMid Rearing": 0.17999319732189178, "RecallMid Rearing": 0.15311142802238464, "PRCMid Rearing": 0.14493899047374725, "_wandb": {"runtime": 348}}