{"lossMid Rearing": 0.4276820719242096, "_timestamp": 1698001336.4135768, "_runtime": 345.03725481033325, "_step": 8, "TruePositivesMid Rearing": 672.0, "FalsePositivesMid Rearing": 2371.0, "TrueNegativesMid Rearing": 26574.0, "FalseNegativesMid Rearing": 2783.0, "AccuracyMid Rearing": 0.840925931930542, "PrecisionMid Rearing": 0.22083470225334167, "RecallMid Rearing": 0.19450072944164276, "PRCMid Rearing": 0.15622578561306, "_wandb": {"runtime": 343}}