{"lossWall Rearing": 0.7256125211715698, "_timestamp": 1697920377.187687, "_runtime": 316.0275399684906, "_step": 8, "TruePositivesWall Rearing": 1507.0, "FalsePositivesWall Rearing": 8149.0, "TrueNegativesWall Rearing": 19949.0, "FalseNegativesWall Rearing": 2795.0, "AccuracyWall Rearing": 0.6622222065925598, "PrecisionWall Rearing": 0.15606877207756042, "RecallWall Rearing": 0.35030218958854675, "PRCWall Rearing": 0.16834211349487305, "_wandb": {"runtime": 313}}