{"lossGrooming": 0.5508076548576355, "_timestamp": 1697945513.4047081, "_runtime": 336.83918619155884, "_step": 8, "TruePositivesGrooming": 1087.0, "FalsePositivesGrooming": 6924.0, "TrueNegativesGrooming": 23169.0, "FalseNegativesGrooming": 1220.0, "AccuracyGrooming": 0.7486419677734375, "PrecisionGrooming": 0.1356884241104126, "RecallGrooming": 0.4711746871471405, "PRCGrooming": 0.11108563840389252, "_wandb": {"runtime": 336}}