{"lossGrooming": 0.41628172993659973, "_timestamp": 1697917636.220717, "_runtime": 340.44258403778076, "_step": 8, "TruePositivesGrooming": 122.0, "FalsePositivesGrooming": 1568.0, "TrueNegativesGrooming": 28525.0, "FalseNegativesGrooming": 2185.0, "AccuracyGrooming": 0.8841666579246521, "PrecisionGrooming": 0.0721893459558487, "RecallGrooming": 0.05288252979516983, "PRCGrooming": 0.06865659356117249, "_wandb": {"runtime": 339}}