{"lossMid Rearing": 0.5188019871711731, "_timestamp": 1697923142.190876, "_runtime": 344.20052790641785, "_step": 8, "TruePositivesMid Rearing": 664.0, "FalsePositivesMid Rearing": 3502.0, "TrueNegativesMid Rearing": 25443.0, "FalseNegativesMid Rearing": 2791.0, "AccuracyMid Rearing": 0.8057715892791748, "PrecisionMid Rearing": 0.15938550233840942, "RecallMid Rearing": 0.19218523800373077, "PRCMid Rearing": 0.13489915430545807, "_wandb": {"runtime": 342}}