{"lossWall Rearing": 0.6300235390663147, "_timestamp": 1697936839.682063, "_runtime": 327.7369210720062, "_step": 8, "TruePositivesWall Rearing": 1131.0, "FalsePositivesWall Rearing": 5937.0, "TrueNegativesWall Rearing": 22161.0, "FalseNegativesWall Rearing": 3171.0, "AccuracyWall Rearing": 0.7188888788223267, "PrecisionWall Rearing": 0.1600169837474823, "RecallWall Rearing": 0.2629009783267975, "PRCWall Rearing": 0.172021746635437, "_wandb": {"runtime": 326}}