{"loss": 0.3779350221157074, "_timestamp": 1697715834.490908, "_runtime": 329.7952070236206, "_step": 0, "_wandb": {"runtime": 328}}