{"lossGrooming": 0.5629279613494873, "_timestamp": 1698028861.752846, "_runtime": 352.54150390625, "_step": 8, "TruePositivesGrooming": 472.0, "FalsePositivesGrooming": 6117.0, "TrueNegativesGrooming": 23976.0, "FalseNegativesGrooming": 1835.0, "AccuracyGrooming": 0.7545679211616516, "PrecisionGrooming": 0.07163454592227936, "RecallGrooming": 0.2045947164297104, "PRCGrooming": 0.0625162124633789, "_wandb": {"runtime": 351}}