{"lossGrooming": 0.6352280378341675, "_timestamp": 1698044273.808011, "_runtime": 332.93827414512634, "_step": 8, "TruePositivesGrooming": 1008.0, "FalsePositivesGrooming": 9067.0, "TrueNegativesGrooming": 21026.0, "FalseNegativesGrooming": 1299.0, "AccuracyGrooming": 0.6800617575645447, "PrecisionGrooming": 0.10004962980747223, "RecallGrooming": 0.4369310736656189, "PRCGrooming": 0.10107524693012238, "_wandb": {"runtime": 332}}