{"lossGrooming": 0.45521166920661926, "_timestamp": 1698019638.027336, "_runtime": 336.525869846344, "_step": 8, "TruePositivesGrooming": 466.0, "FalsePositivesGrooming": 4439.0, "TrueNegativesGrooming": 25654.0, "FalseNegativesGrooming": 1841.0, "AccuracyGrooming": 0.8061728477478027, "PrecisionGrooming": 0.0950050950050354, "RecallGrooming": 0.201993927359581, "PRCGrooming": 0.1033940464258194, "_wandb": {"runtime": 334}}