{"lossGrooming": 0.7472562193870544, "_timestamp": 1698000987.2049532, "_runtime": 337.63362526893616, "_step": 8, "TruePositivesGrooming": 479.0, "FalsePositivesGrooming": 9207.0, "TrueNegativesGrooming": 20886.0, "FalseNegativesGrooming": 1828.0, "AccuracyGrooming": 0.6594135761260986, "PrecisionGrooming": 0.04945281893014908, "RecallGrooming": 0.20762895047664642, "PRCGrooming": 0.0559338741004467, "_wandb": {"runtime": 336}}