{"lossWall Rearing": 0.5424149036407471, "_timestamp": 1697938919.167397, "_runtime": 327.22662901878357, "_step": 8, "TruePositivesWall Rearing": 530.0, "FalsePositivesWall Rearing": 1670.0, "TrueNegativesWall Rearing": 26428.0, "FalseNegativesWall Rearing": 3772.0, "AccuracyWall Rearing": 0.8320370316505432, "PrecisionWall Rearing": 0.24090908467769623, "RecallWall Rearing": 0.1231985092163086, "PRCWall Rearing": 0.17853078246116638, "_wandb": {"runtime": 325}}