{"lossGrooming": 0.3343939483165741, "_timestamp": 1698045297.097641, "_runtime": 330.9735770225525, "_step": 8, "TruePositivesGrooming": 2.0, "FalsePositivesGrooming": 881.0, "TrueNegativesGrooming": 29212.0, "FalseNegativesGrooming": 2305.0, "AccuracyGrooming": 0.9016666412353516, "PrecisionGrooming": 0.0022650056052953005, "RecallGrooming": 0.0008669267408549786, "PRCGrooming": 0.05041933432221413, "_wandb": {"runtime": 330}}