{"lossGrooming": 0.5164321064949036, "_timestamp": 1698052036.797353, "_runtime": 341.98833894729614, "_step": 8, "TruePositivesGrooming": 552.0, "FalsePositivesGrooming": 4677.0, "TrueNegativesGrooming": 25416.0, "FalseNegativesGrooming": 1755.0, "AccuracyGrooming": 0.8014814853668213, "PrecisionGrooming": 0.10556511580944061, "RecallGrooming": 0.23927177488803864, "PRCGrooming": 0.09342186152935028, "_wandb": {"runtime": 341}}