{"lossWall Rearing": 0.6375353932380676, "_timestamp": 1698017241.5813482, "_runtime": 320.384485244751, "_step": 8, "TruePositivesWall Rearing": 975.0, "FalsePositivesWall Rearing": 5869.0, "TrueNegativesWall Rearing": 22229.0, "FalseNegativesWall Rearing": 3327.0, "AccuracyWall Rearing": 0.7161728143692017, "PrecisionWall Rearing": 0.14246055483818054, "RecallWall Rearing": 0.2266387790441513, "PRCWall Rearing": 0.1585080325603485, "_wandb": {"runtime": 318}}