{"lossGrooming": 0.5679636597633362, "_timestamp": 1697943404.92818, "_runtime": 329.1472339630127, "_step": 8, "TruePositivesGrooming": 446.0, "FalsePositivesGrooming": 6575.0, "TrueNegativesGrooming": 23518.0, "FalseNegativesGrooming": 1861.0, "AccuracyGrooming": 0.7396296262741089, "PrecisionGrooming": 0.06352371722459793, "RecallGrooming": 0.19332467019557953, "PRCGrooming": 0.06435327231884003, "_wandb": {"runtime": 328}}