{"lossMid Rearing": 0.4089201092720032, "_timestamp": 1698016917.293397, "_runtime": 345.3922920227051, "_step": 8, "TruePositivesMid Rearing": 602.0, "FalsePositivesMid Rearing": 2413.0, "TrueNegativesMid Rearing": 26532.0, "FalseNegativesMid Rearing": 2853.0, "AccuracyMid Rearing": 0.8374691605567932, "PrecisionMid Rearing": 0.19966831803321838, "RecallMid Rearing": 0.17424023151397705, "PRCMid Rearing": 0.14945629239082336, "_wandb": {"runtime": 344}}