{"lossGrooming": 0.5773452520370483, "_timestamp": 1698086553.037968, "_runtime": 328.7774398326874, "_step": 8, "TruePositivesGrooming": 246.0, "FalsePositivesGrooming": 5219.0, "TrueNegativesGrooming": 24874.0, "FalseNegativesGrooming": 2061.0, "AccuracyGrooming": 0.7753086686134338, "PrecisionGrooming": 0.04501372203230858, "RecallGrooming": 0.10663198679685593, "PRCGrooming": 0.057639360427856445, "_wandb": {"runtime": 328}}