{"lossMid Rearing": 0.47169628739356995, "_timestamp": 1697930329.80563, "_runtime": 342.64562487602234, "_step": 8, "TruePositivesMid Rearing": 515.0, "FalsePositivesMid Rearing": 2736.0, "TrueNegativesMid Rearing": 26209.0, "FalseNegativesMid Rearing": 2940.0, "AccuracyMid Rearing": 0.8248147964477539, "PrecisionMid Rearing": 0.15841279923915863, "RecallMid Rearing": 0.14905934035778046, "PRCMid Rearing": 0.13215820491313934, "_wandb": {"runtime": 341}}