{"lossMid Rearing": 0.5033524632453918, "_timestamp": 1697945868.887535, "_runtime": 349.43828415870667, "_step": 8, "TruePositivesMid Rearing": 917.0, "FalsePositivesMid Rearing": 4716.0, "TrueNegativesMid Rearing": 24229.0, "FalseNegativesMid Rearing": 2538.0, "AccuracyMid Rearing": 0.7761111259460449, "PrecisionMid Rearing": 0.1627907007932663, "RecallMid Rearing": 0.26541244983673096, "PRCMid Rearing": 0.1504908949136734, "_wandb": {"runtime": 347}}