{"lossGrooming": 0.7299690842628479, "_timestamp": 1698065659.417422, "_runtime": 336.93999099731445, "_step": 8, "TruePositivesGrooming": 1139.0, "FalsePositivesGrooming": 11460.0, "TrueNegativesGrooming": 18633.0, "FalseNegativesGrooming": 1168.0, "AccuracyGrooming": 0.6102468967437744, "PrecisionGrooming": 0.09040400385856628, "RecallGrooming": 0.4937147796154022, "PRCGrooming": 0.09932231158018112, "_wandb": {"runtime": 336}}