{"lossMid Rearing": 0.5973460674285889, "_timestamp": 1697932395.109986, "_runtime": 360.88141107559204, "_step": 8, "TruePositivesMid Rearing": 1126.0, "FalsePositivesMid Rearing": 5895.0, "TrueNegativesMid Rearing": 23050.0, "FalseNegativesMid Rearing": 2329.0, "AccuracyMid Rearing": 0.7461728453636169, "PrecisionMid Rearing": 0.16037601232528687, "RecallMid Rearing": 0.3259044885635376, "PRCMid Rearing": 0.1505965292453766, "_wandb": {"runtime": 358}}