{"lossGrooming": 0.5076384544372559, "_timestamp": 1697952749.237632, "_runtime": 325.82598400115967, "_step": 8, "TruePositivesGrooming": 216.0, "FalsePositivesGrooming": 4396.0, "TrueNegativesGrooming": 25697.0, "FalseNegativesGrooming": 2091.0, "AccuracyGrooming": 0.7997839450836182, "PrecisionGrooming": 0.046834345906972885, "RecallGrooming": 0.09362808614969254, "PRCGrooming": 0.05908951535820961, "_wandb": {"runtime": 325}}