{"lossGrooming": 0.6489483714103699, "_timestamp": 1698489251.6606982, "_runtime": 324.5936381816864, "_step": 8, "TruePositivesGrooming": 585.0, "FalsePositivesGrooming": 7347.0, "TrueNegativesGrooming": 22746.0, "FalseNegativesGrooming": 1722.0, "AccuracyGrooming": 0.7200925946235657, "PrecisionGrooming": 0.07375188916921616, "RecallGrooming": 0.2535760700702667, "PRCGrooming": 0.06871367990970612, "_wandb": {"runtime": 323}}