{"lossGrooming": 0.9244053959846497, "_timestamp": 1698079949.918965, "_runtime": 325.9836130142212, "_step": 8, "TruePositivesGrooming": 1121.0, "FalsePositivesGrooming": 12900.0, "TrueNegativesGrooming": 17193.0, "FalseNegativesGrooming": 1186.0, "AccuracyGrooming": 0.5652469396591187, "PrecisionGrooming": 0.07995150238275528, "RecallGrooming": 0.4859124422073364, "PRCGrooming": 0.09771782904863358, "_wandb": {"runtime": 325}}