{"lossWall Rearing": 0.6577908396720886, "_timestamp": 1697997591.439408, "_runtime": 315.97570300102234, "_step": 8, "TruePositivesWall Rearing": 1214.0, "FalsePositivesWall Rearing": 7540.0, "TrueNegativesWall Rearing": 20558.0, "FalseNegativesWall Rearing": 3088.0, "AccuracyWall Rearing": 0.671975314617157, "PrecisionWall Rearing": 0.13867945969104767, "RecallWall Rearing": 0.2821943163871765, "PRCWall Rearing": 0.15116509795188904, "_wandb": {"runtime": 314}}