{"lossWall Rearing": 0.5837099552154541, "_timestamp": 1697954483.6559, "_runtime": 324.9236710071564, "_step": 8, "TruePositivesWall Rearing": 455.0, "FalsePositivesWall Rearing": 3316.0, "TrueNegativesWall Rearing": 24782.0, "FalseNegativesWall Rearing": 3847.0, "AccuracyWall Rearing": 0.7789197564125061, "PrecisionWall Rearing": 0.12065765261650085, "RecallWall Rearing": 0.10576476156711578, "PRCWall Rearing": 0.13059550523757935, "_wandb": {"runtime": 323}}