{"Behaviour": "Grooming", "_timestamp": 1697883737.683338, "_runtime": 331.9036338329315, "_step": 9, "loss": 0.33943673968315125, "TruePositives": 117.0, "FalsePositives": 365.0, "TrueNegatives": 29728.0, "FalseNegatives": 2190.0, "Accuracy": 0.9211419820785522, "Precision": 0.24273858964443207, "Recall": 0.050715215504169464, "PRC": 0.0973857045173645, "_wandb": {"runtime": 331}}