{"lossWall Rearing": 0.67899090051651, "_timestamp": 1697968852.8091059, "_runtime": 324.9856448173523, "_step": 8, "TruePositivesWall Rearing": 2331.0, "FalsePositivesWall Rearing": 12121.0, "TrueNegativesWall Rearing": 15977.0, "FalseNegativesWall Rearing": 1971.0, "AccuracyWall Rearing": 0.5650617480278015, "PrecisionWall Rearing": 0.16129255294799805, "RecallWall Rearing": 0.5418410301208496, "PRCWall Rearing": 0.18620851635932922, "_wandb": {"runtime": 323}}