{"lossMid Rearing": 0.554348886013031, "_timestamp": 1697913845.419635, "_runtime": 340.47249007225037, "_step": 8, "TruePositivesMid Rearing": 425.0, "FalsePositivesMid Rearing": 2235.0, "TrueNegativesMid Rearing": 26710.0, "FalseNegativesMid Rearing": 3030.0, "AccuracyMid Rearing": 0.8374999761581421, "PrecisionMid Rearing": 0.15977443754673004, "RecallMid Rearing": 0.12301012873649597, "PRCMid Rearing": 0.13532234728336334, "_wandb": {"runtime": 339}}