{"lossGrooming": 0.33559247851371765, "_timestamp": 1697963045.44007, "_runtime": 341.5346329212189, "_step": 8, "TruePositivesGrooming": 130.0, "FalsePositivesGrooming": 547.0, "TrueNegativesGrooming": 29546.0, "FalseNegativesGrooming": 2177.0, "AccuracyGrooming": 0.915925920009613, "PrecisionGrooming": 0.1920236349105835, "RecallGrooming": 0.056350238621234894, "PRCGrooming": 0.08651863783597946, "_wandb": {"runtime": 339}}