{"lossMid Rearing": 0.4951995313167572, "_timestamp": 1697889344.5894551, "_runtime": 331.3761692047119, "_step": 8, "TruePositivesMid Rearing": 1151.0, "FalsePositivesMid Rearing": 4864.0, "TrueNegativesMid Rearing": 24081.0, "FalseNegativesMid Rearing": 2304.0, "AccuracyMid Rearing": 0.7787654399871826, "PrecisionMid Rearing": 0.19135494530200958, "RecallMid Rearing": 0.33314037322998047, "PRCMid Rearing": 0.17136907577514648, "_wandb": {"runtime": 329}}