{"lossGrooming": 0.5959780812263489, "_timestamp": 1698006132.577943, "_runtime": 340.37297797203064, "_step": 8, "TruePositivesGrooming": 389.0, "FalsePositivesGrooming": 6881.0, "TrueNegativesGrooming": 23212.0, "FalseNegativesGrooming": 1918.0, "AccuracyGrooming": 0.728425920009613, "PrecisionGrooming": 0.05350756645202637, "RecallGrooming": 0.16861724853515625, "PRCGrooming": 0.06102617457509041, "_wandb": {"runtime": 339}}