{"lossMid Rearing": 0.5192592144012451, "_timestamp": 1697912817.9724522, "_runtime": 334.5156841278076, "_step": 8, "TruePositivesMid Rearing": 558.0, "FalsePositivesMid Rearing": 3222.0, "TrueNegativesMid Rearing": 25723.0, "FalseNegativesMid Rearing": 2897.0, "AccuracyMid Rearing": 0.8111419677734375, "PrecisionMid Rearing": 0.14761905372142792, "RecallMid Rearing": 0.1615050584077835, "PRCMid Rearing": 0.1369265764951706, "_wandb": {"runtime": 333}}