{"lossMid Rearing": 1.0621455907821655, "_timestamp": 1698033321.8874502, "_runtime": 348.5903263092041, "_step": 8, "TruePositivesMid Rearing": 2578.0, "FalsePositivesMid Rearing": 15512.0, "TrueNegativesMid Rearing": 13433.0, "FalseNegativesMid Rearing": 877.0, "AccuracyMid Rearing": 0.49416667222976685, "PrecisionMid Rearing": 0.14250966906547546, "RecallMid Rearing": 0.7461649775505066, "PRCMid Rearing": 0.1449994146823883, "_wandb": {"runtime": 347}}