{"lossGrooming": 0.9504978060722351, "_timestamp": 1698059655.477581, "_runtime": 325.6991300582886, "_step": 8, "TruePositivesGrooming": 1179.0, "FalsePositivesGrooming": 14200.0, "TrueNegativesGrooming": 15893.0, "FalseNegativesGrooming": 1128.0, "AccuracyGrooming": 0.526913583278656, "PrecisionGrooming": 0.07666298002004623, "RecallGrooming": 0.5110533237457275, "PRCGrooming": 0.08791273832321167, "_wandb": {"runtime": 325}}