{"lossWall Rearing": 0.5169979929924011, "_timestamp": 1697892710.8510668, "_runtime": 325.25914788246155, "_step": 8, "TruePositivesWall Rearing": 291.0, "FalsePositivesWall Rearing": 2010.0, "TrueNegativesWall Rearing": 26088.0, "FalseNegativesWall Rearing": 4011.0, "AccuracyWall Rearing": 0.8141666650772095, "PrecisionWall Rearing": 0.1264667510986328, "RecallWall Rearing": 0.06764295697212219, "PRCWall Rearing": 0.13554143905639648, "_wandb": {"runtime": 323}}