{"lossMid Rearing": 0.5070175528526306, "_timestamp": 1698013826.7030342, "_runtime": 343.5024962425232, "_step": 8, "TruePositivesMid Rearing": 1083.0, "FalsePositivesMid Rearing": 5160.0, "TrueNegativesMid Rearing": 23785.0, "FalseNegativesMid Rearing": 2372.0, "AccuracyMid Rearing": 0.7675308585166931, "PrecisionMid Rearing": 0.1734742969274521, "RecallMid Rearing": 0.31345874071121216, "PRCMid Rearing": 0.15365922451019287, "_wandb": {"runtime": 341}}