{"lossGrooming": 0.672046422958374, "_timestamp": 1698085141.1056461, "_runtime": 329.11751222610474, "_step": 8, "TruePositivesGrooming": 844.0, "FalsePositivesGrooming": 8064.0, "TrueNegativesGrooming": 22029.0, "FalseNegativesGrooming": 1463.0, "AccuracyGrooming": 0.7059568166732788, "PrecisionGrooming": 0.09474629908800125, "RecallGrooming": 0.3658430874347687, "PRCGrooming": 0.1036962941288948, "_wandb": {"runtime": 328}}