{"lossMid Rearing": 0.5858498811721802, "_timestamp": 1697958254.9926689, "_runtime": 336.1275088787079, "_step": 8, "TruePositivesMid Rearing": 885.0, "FalsePositivesMid Rearing": 5294.0, "TrueNegativesMid Rearing": 23651.0, "FalseNegativesMid Rearing": 2570.0, "AccuracyMid Rearing": 0.7572839260101318, "PrecisionMid Rearing": 0.14322705566883087, "RecallMid Rearing": 0.2561505138874054, "PRCMid Rearing": 0.13472695648670197, "_wandb": {"runtime": 334}}