{"lossMid Rearing": 0.4612533450126648, "_timestamp": 1697892380.869523, "_runtime": 344.92140197753906, "_step": 8, "TruePositivesMid Rearing": 509.0, "FalsePositivesMid Rearing": 2461.0, "TrueNegativesMid Rearing": 26484.0, "FalseNegativesMid Rearing": 2946.0, "AccuracyMid Rearing": 0.8331173062324524, "PrecisionMid Rearing": 0.17138047516345978, "RecallMid Rearing": 0.14732271432876587, "PRCMid Rearing": 0.14477379620075226, "_wandb": {"runtime": 343}}