{"lossGrooming": 0.734685480594635, "_timestamp": 1698054477.152276, "_runtime": 336.9605929851532, "_step": 8, "TruePositivesGrooming": 875.0, "FalsePositivesGrooming": 11434.0, "TrueNegativesGrooming": 18659.0, "FalseNegativesGrooming": 1432.0, "AccuracyGrooming": 0.6029012203216553, "PrecisionGrooming": 0.07108619809150696, "RecallGrooming": 0.3792804479598999, "PRCGrooming": 0.1164177730679512, "_wandb": {"runtime": 336}}