{"lossGrooming": 0.33921363949775696, "_timestamp": 1698062498.7110882, "_runtime": 341.46937012672424, "_step": 8, "TruePositivesGrooming": 142.0, "FalsePositivesGrooming": 1708.0, "TrueNegativesGrooming": 28385.0, "FalseNegativesGrooming": 2165.0, "AccuracyGrooming": 0.8804629445075989, "PrecisionGrooming": 0.07675676047801971, "RecallGrooming": 0.06155179813504219, "PRCGrooming": 0.07549619674682617, "_wandb": {"runtime": 340}}