{"lossMid Rearing": 0.4962744116783142, "_timestamp": 1698043603.411474, "_runtime": 342.1169180870056, "_step": 8, "TruePositivesMid Rearing": 695.0, "FalsePositivesMid Rearing": 3578.0, "TrueNegativesMid Rearing": 25367.0, "FalseNegativesMid Rearing": 2760.0, "AccuracyMid Rearing": 0.8043827414512634, "PrecisionMid Rearing": 0.16264919936656952, "RecallMid Rearing": 0.20115774869918823, "PRCMid Rearing": 0.13828298449516296, "_wandb": {"runtime": 340}}