{"lossWall Rearing": 0.531895101070404, "_timestamp": 1697987379.8785138, "_runtime": 326.63556385040283, "_step": 8, "TruePositivesWall Rearing": 1032.0, "FalsePositivesWall Rearing": 4414.0, "TrueNegativesWall Rearing": 23684.0, "FalseNegativesWall Rearing": 3270.0, "AccuracyWall Rearing": 0.7628394961357117, "PrecisionWall Rearing": 0.18949687480926514, "RecallWall Rearing": 0.23988842964172363, "PRCWall Rearing": 0.18709531426429749, "_wandb": {"runtime": 325}}