{"Behaviour": "Grooming", "_timestamp": 1697884401.4473999, "_runtime": 331.7211618423462, "_step": 9, "loss": 0.6974130272865295, "TruePositives": 739.0, "FalsePositives": 7291.0, "TrueNegatives": 22802.0, "FalseNegatives": 1568.0, "Accuracy": 0.7265740633010864, "Precision": 0.0920298844575882, "Recall": 0.3203294277191162, "PRC": 0.09304549545049667, "_wandb": {"runtime": 331}}