{"lossWall Rearing": 0.5970569849014282, "_timestamp": 1698009994.01574, "_runtime": 323.4554398059845, "_step": 8, "TruePositivesWall Rearing": 827.0, "FalsePositivesWall Rearing": 5299.0, "TrueNegativesWall Rearing": 22799.0, "FalseNegativesWall Rearing": 3475.0, "AccuracyWall Rearing": 0.7291975021362305, "PrecisionWall Rearing": 0.1349983662366867, "RecallWall Rearing": 0.19223617017269135, "PRCWall Rearing": 0.13950234651565552, "_wandb": {"runtime": 321}}