{"lossMid Rearing": 0.45483213663101196, "_timestamp": 1697980880.490693, "_runtime": 341.3953101634979, "_step": 8, "TruePositivesMid Rearing": 337.0, "FalsePositivesMid Rearing": 1157.0, "TrueNegativesMid Rearing": 27788.0, "FalseNegativesMid Rearing": 3118.0, "AccuracyMid Rearing": 0.8680555820465088, "PrecisionMid Rearing": 0.22556893527507782, "RecallMid Rearing": 0.09753979742527008, "PRCMid Rearing": 0.1457233428955078, "_wandb": {"runtime": 339}}