{"lossGrooming": 0.6686978936195374, "_timestamp": 1698081688.2014341, "_runtime": 332.7295141220093, "_step": 8, "TruePositivesGrooming": 694.0, "FalsePositivesGrooming": 8019.0, "TrueNegativesGrooming": 22074.0, "FalseNegativesGrooming": 1613.0, "AccuracyGrooming": 0.702716052532196, "PrecisionGrooming": 0.07965109497308731, "RecallGrooming": 0.3008235692977905, "PRCGrooming": 0.07525277137756348, "_wandb": {"runtime": 331}}