{"lossWall Rearing": 0.5663871765136719, "_timestamp": 1697970882.5643141, "_runtime": 316.0574131011963, "_step": 8, "TruePositivesWall Rearing": 884.0, "FalsePositivesWall Rearing": 5290.0, "TrueNegativesWall Rearing": 22808.0, "FalseNegativesWall Rearing": 3418.0, "AccuracyWall Rearing": 0.7312345504760742, "PrecisionWall Rearing": 0.14318108558654785, "RecallWall Rearing": 0.20548582077026367, "PRCWall Rearing": 0.15469209849834442, "_wandb": {"runtime": 314}}