{"lossMid Rearing": 0.5230616331100464, "_timestamp": 1697939640.140492, "_runtime": 360.6570029258728, "_step": 8, "TruePositivesMid Rearing": 736.0, "FalsePositivesMid Rearing": 3090.0, "TrueNegativesMid Rearing": 25855.0, "FalseNegativesMid Rearing": 2719.0, "AccuracyMid Rearing": 0.8207098841667175, "PrecisionMid Rearing": 0.1923680156469345, "RecallMid Rearing": 0.21302460134029388, "PRCMid Rearing": 0.15437310934066772, "_wandb": {"runtime": 360}}