{"lossGrooming": 0.7300124168395996, "_timestamp": 1697907383.042528, "_runtime": 327.6732687950134, "_step": 8, "TruePositivesGrooming": 560.0, "FalsePositivesGrooming": 7382.0, "TrueNegativesGrooming": 22711.0, "FalseNegativesGrooming": 1747.0, "AccuracyGrooming": 0.7182407379150391, "PrecisionGrooming": 0.07051120698451996, "RecallGrooming": 0.2427394837141037, "PRCGrooming": 0.06711392104625702, "_wandb": {"runtime": 327}}