{"lossWall Rearing": 0.6717913746833801, "_timestamp": 1697918331.5261838, "_runtime": 319.16087675094604, "_step": 8, "TruePositivesWall Rearing": 1255.0, "FalsePositivesWall Rearing": 7934.0, "TrueNegativesWall Rearing": 20164.0, "FalseNegativesWall Rearing": 3047.0, "AccuracyWall Rearing": 0.6610802412033081, "PrecisionWall Rearing": 0.1365763396024704, "RecallWall Rearing": 0.2917247712612152, "PRCWall Rearing": 0.14308303594589233, "_wandb": {"runtime": 317}}