{"loss": 0.4547131359577179, "metrics": [247.0, 4126.0, 25967.0, 2060.0, 0.8090741038322449, 0.056482963263988495, 0.10706545412540436, 0.06389554589986801], "_timestamp": 1697719058.774268, "_runtime": 324.6178820133209, "_step": 0, "_wandb": {"runtime": 323}}