{"lossGrooming": 0.5334441661834717, "_timestamp": 1697922793.350948, "_runtime": 332.34302020072937, "_step": 8, "TruePositivesGrooming": 316.0, "FalsePositivesGrooming": 5304.0, "TrueNegativesGrooming": 24789.0, "FalseNegativesGrooming": 1991.0, "AccuracyGrooming": 0.7748456597328186, "PrecisionGrooming": 0.05622775852680206, "RecallGrooming": 0.13697442412376404, "PRCGrooming": 0.05872369557619095, "_wandb": {"runtime": 331}}