{"lossGrooming": 0.45088455080986023, "_timestamp": 1697908383.569729, "_runtime": 323.0601952075958, "_step": 8, "TruePositivesGrooming": 314.0, "FalsePositivesGrooming": 3556.0, "TrueNegativesGrooming": 26537.0, "FalseNegativesGrooming": 1993.0, "AccuracyGrooming": 0.8287345767021179, "PrecisionGrooming": 0.08113694936037064, "RecallGrooming": 0.13610750436782837, "PRCGrooming": 0.08273603022098541, "_wandb": {"runtime": 322}}