{"lossGrooming": 0.35768038034439087, "_timestamp": 1698050291.237571, "_runtime": 337.99333906173706, "_step": 8, "TruePositivesGrooming": 58.0, "FalsePositivesGrooming": 1676.0, "TrueNegativesGrooming": 28417.0, "FalseNegativesGrooming": 2249.0, "AccuracyGrooming": 0.8788580298423767, "PrecisionGrooming": 0.03344867378473282, "RecallGrooming": 0.025140875950455666, "PRCGrooming": 0.061854325234889984, "_wandb": {"runtime": 337}}