{"lossGrooming": 0.4366392195224762, "_timestamp": 1698011383.9552472, "_runtime": 339.0439591407776, "_step": 8, "TruePositivesGrooming": 321.0, "FalsePositivesGrooming": 3313.0, "TrueNegativesGrooming": 26780.0, "FalseNegativesGrooming": 1986.0, "AccuracyGrooming": 0.8364506363868713, "PrecisionGrooming": 0.0883324146270752, "RecallGrooming": 0.1391417384147644, "PRCGrooming": 0.06740614026784897, "_wandb": {"runtime": 338}}