{"lossWall Rearing": 0.7527080178260803, "_timestamp": 1697911095.299204, "_runtime": 320.0693871974945, "_step": 8, "TruePositivesWall Rearing": 1914.0, "FalsePositivesWall Rearing": 10504.0, "TrueNegativesWall Rearing": 17594.0, "FalseNegativesWall Rearing": 2388.0, "AccuracyWall Rearing": 0.6020987629890442, "PrecisionWall Rearing": 0.15413109958171844, "RecallWall Rearing": 0.44490933418273926, "PRCWall Rearing": 0.14876148104667664, "_wandb": {"runtime": 318}}