{"lossWall Rearing": 0.6149562001228333, "_timestamp": 1697953426.710881, "_runtime": 322.7430040836334, "_step": 8, "TruePositivesWall Rearing": 1317.0, "FalsePositivesWall Rearing": 7809.0, "TrueNegativesWall Rearing": 20289.0, "FalseNegativesWall Rearing": 2985.0, "AccuracyWall Rearing": 0.6668518781661987, "PrecisionWall Rearing": 0.14431294798851013, "RecallWall Rearing": 0.3061366677284241, "PRCWall Rearing": 0.1544124335050583, "_wandb": {"runtime": 321}}