{"lossWall Rearing": 0.7229175567626953, "_timestamp": 1697995558.955949, "_runtime": 324.3177251815796, "_step": 8, "TruePositivesWall Rearing": 2079.0, "FalsePositivesWall Rearing": 10688.0, "TrueNegativesWall Rearing": 17410.0, "FalseNegativesWall Rearing": 2223.0, "AccuracyWall Rearing": 0.6015123724937439, "PrecisionWall Rearing": 0.16284170746803284, "RecallWall Rearing": 0.48326361179351807, "PRCWall Rearing": 0.17883463203907013, "_wandb": {"runtime": 322}}