{"lossGrooming": 0.504306435585022, "_timestamp": 1697997950.828943, "_runtime": 341.61523509025574, "_step": 8, "TruePositivesGrooming": 362.0, "FalsePositivesGrooming": 4384.0, "TrueNegativesGrooming": 25709.0, "FalseNegativesGrooming": 1945.0, "AccuracyGrooming": 0.8046604990959167, "PrecisionGrooming": 0.07627476006746292, "RecallGrooming": 0.15691374242305756, "PRCGrooming": 0.09808412194252014, "_wandb": {"runtime": 340}}