{"lossGrooming": 0.6660430431365967, "_timestamp": 1698088978.327689, "_runtime": 343.4364948272705, "_step": 8, "TruePositivesGrooming": 861.0, "FalsePositivesGrooming": 10531.0, "TrueNegativesGrooming": 19562.0, "FalseNegativesGrooming": 1446.0, "AccuracyGrooming": 0.630339503288269, "PrecisionGrooming": 0.07557935267686844, "RecallGrooming": 0.37321195006370544, "PRCGrooming": 0.07634402811527252, "_wandb": {"runtime": 342}}