{"lossGrooming": 0.3321540355682373, "_timestamp": 1698027828.2543502, "_runtime": 323.7464942932129, "_step": 8, "TruePositivesGrooming": 5.0, "FalsePositivesGrooming": 751.0, "TrueNegativesGrooming": 29342.0, "FalseNegativesGrooming": 2302.0, "AccuracyGrooming": 0.9057716131210327, "PrecisionGrooming": 0.006613756529986858, "RecallGrooming": 0.0021673168521374464, "PRCGrooming": 0.05851815640926361, "_wandb": {"runtime": 323}}