{"lossMid Rearing": 0.619308352470398, "_timestamp": 1697916942.139792, "_runtime": 357.5019290447235, "_step": 8, "TruePositivesMid Rearing": 1286.0, "FalsePositivesMid Rearing": 7119.0, "TrueNegativesMid Rearing": 21826.0, "FalseNegativesMid Rearing": 2169.0, "AccuracyMid Rearing": 0.7133333086967468, "PrecisionMid Rearing": 0.15300416946411133, "RecallMid Rearing": 0.3722141683101654, "PRCMid Rearing": 0.14657500386238098, "_wandb": {"runtime": 356}}