{"lossGrooming": 0.7067829370498657, "_timestamp": 1698078563.655148, "_runtime": 335.7493851184845, "_step": 8, "TruePositivesGrooming": 760.0, "FalsePositivesGrooming": 8615.0, "TrueNegativesGrooming": 21478.0, "FalseNegativesGrooming": 1547.0, "AccuracyGrooming": 0.6863580346107483, "PrecisionGrooming": 0.08106666803359985, "RecallGrooming": 0.3294321596622467, "PRCGrooming": 0.08553573489189148, "_wandb": {"runtime": 335}}