{"Behaviour": "Wall Rearing", "_timestamp": 1697888476.7823591, "_runtime": 334.08798122406006, "_step": 9, "loss": 0.7904694080352783, "TruePositives": 2433.0, "FalsePositives": 13552.0, "TrueNegatives": 14546.0, "FalseNegatives": 1869.0, "Accuracy": 0.5240432024002075, "Precision": 0.1522051990032196, "Recall": 0.5655509233474731, "PRC": 0.15453757345676422, "_wandb": {"runtime": 332}}