{"lossWall Rearing": 0.7676037549972534, "_timestamp": 1697910071.8323011, "_runtime": 324.50830125808716, "_step": 8, "TruePositivesWall Rearing": 2272.0, "FalsePositivesWall Rearing": 11242.0, "TrueNegativesWall Rearing": 16856.0, "FalseNegativesWall Rearing": 2030.0, "AccuracyWall Rearing": 0.5903703570365906, "PrecisionWall Rearing": 0.16812194883823395, "RecallWall Rearing": 0.5281264781951904, "PRCWall Rearing": 0.16708700358867645, "_wandb": {"runtime": 323}}