{"lossGrooming": 0.4993813931941986, "_timestamp": 1698053420.114445, "_runtime": 327.99459505081177, "_step": 8, "TruePositivesGrooming": 350.0, "FalsePositivesGrooming": 4718.0, "TrueNegativesGrooming": 25375.0, "FalseNegativesGrooming": 1957.0, "AccuracyGrooming": 0.7939814925193787, "PrecisionGrooming": 0.06906077265739441, "RecallGrooming": 0.15171217918395996, "PRCGrooming": 0.06632107496261597, "_wandb": {"runtime": 327}}