{"lossMid Rearing": 0.4592851400375366, "_timestamp": 1697891355.7102132, "_runtime": 332.5969181060791, "_step": 8, "TruePositivesMid Rearing": 733.0, "FalsePositivesMid Rearing": 3504.0, "TrueNegativesMid Rearing": 25441.0, "FalseNegativesMid Rearing": 2722.0, "AccuracyMid Rearing": 0.8078395128250122, "PrecisionMid Rearing": 0.172999769449234, "RecallMid Rearing": 0.2121562957763672, "PRCMid Rearing": 0.1502191722393036, "_wandb": {"runtime": 331}}