{"lossWall Rearing": 0.5734326243400574, "_timestamp": 1697930654.603096, "_runtime": 319.5456380844116, "_step": 8, "TruePositivesWall Rearing": 708.0, "FalsePositivesWall Rearing": 3381.0, "TrueNegativesWall Rearing": 24717.0, "FalseNegativesWall Rearing": 3594.0, "AccuracyWall Rearing": 0.7847222089767456, "PrecisionWall Rearing": 0.17314746975898743, "RecallWall Rearing": 0.16457462310791016, "PRCWall Rearing": 0.161855548620224, "_wandb": {"runtime": 317}}