{"lossMid Rearing": 0.4998679757118225, "_timestamp": 1697911804.002524, "_runtime": 356.58592081069946, "_step": 8, "TruePositivesMid Rearing": 835.0, "FalsePositivesMid Rearing": 3741.0, "TrueNegativesMid Rearing": 25204.0, "FalseNegativesMid Rearing": 2620.0, "AccuracyMid Rearing": 0.8036728501319885, "PrecisionMid Rearing": 0.1824737787246704, "RecallMid Rearing": 0.24167872965335846, "PRCMid Rearing": 0.14250922203063965, "_wandb": {"runtime": 355}}