{"lossGrooming": 0.5894255638122559, "_timestamp": 1698067736.126532, "_runtime": 330.7583689689636, "_step": 8, "TruePositivesGrooming": 624.0, "FalsePositivesGrooming": 6771.0, "TrueNegativesGrooming": 23322.0, "FalseNegativesGrooming": 1683.0, "AccuracyGrooming": 0.7390740513801575, "PrecisionGrooming": 0.0843813419342041, "RecallGrooming": 0.270481139421463, "PRCGrooming": 0.08178511261940002, "_wandb": {"runtime": 329}}