{"lossGrooming": 0.5370802283287048, "_timestamp": 1698065995.597974, "_runtime": 324.74733901023865, "_step": 8, "TruePositivesGrooming": 409.0, "FalsePositivesGrooming": 3596.0, "TrueNegativesGrooming": 26497.0, "FalseNegativesGrooming": 1898.0, "AccuracyGrooming": 0.830432116985321, "PrecisionGrooming": 0.10212234407663345, "RecallGrooming": 0.1772865206003189, "PRCGrooming": 0.07655568420886993, "_wandb": {"runtime": 324}}