{"lossWall Rearing": 0.5365898013114929, "_timestamp": 1698012077.446006, "_runtime": 328.22483015060425, "_step": 8, "TruePositivesWall Rearing": 446.0, "FalsePositivesWall Rearing": 2590.0, "TrueNegativesWall Rearing": 25508.0, "FalseNegativesWall Rearing": 3856.0, "AccuracyWall Rearing": 0.8010494112968445, "PrecisionWall Rearing": 0.14690382778644562, "RecallWall Rearing": 0.10367271304130554, "PRCWall Rearing": 0.1436004340648651, "_wandb": {"runtime": 326}}