{"lossGrooming": 0.41021397709846497, "_timestamp": 1698491163.490544, "_runtime": 326.0426721572876, "_step": 8, "TruePositivesGrooming": 270.0, "FalsePositivesGrooming": 2538.0, "TrueNegativesGrooming": 27555.0, "FalseNegativesGrooming": 2037.0, "AccuracyGrooming": 0.8587962985038757, "PrecisionGrooming": 0.09615384787321091, "RecallGrooming": 0.11703511327505112, "PRCGrooming": 0.06671105325222015, "_wandb": {"runtime": 325}}