{"lossGrooming": 0.546189546585083, "_timestamp": 1697995900.479685, "_runtime": 325.02025604248047, "_step": 8, "TruePositivesGrooming": 428.0, "FalsePositivesGrooming": 4538.0, "TrueNegativesGrooming": 25555.0, "FalseNegativesGrooming": 1879.0, "AccuracyGrooming": 0.8019444346427917, "PrecisionGrooming": 0.08618606626987457, "RecallGrooming": 0.18552231788635254, "PRCGrooming": 0.07985261082649231, "_wandb": {"runtime": 324}}