{"lossGrooming": 0.39553356170654297, "_timestamp": 1697990810.9962199, "_runtime": 337.4594609737396, "_step": 8, "TruePositivesGrooming": 102.0, "FalsePositivesGrooming": 1361.0, "TrueNegativesGrooming": 28732.0, "FalseNegativesGrooming": 2205.0, "AccuracyGrooming": 0.8899382948875427, "PrecisionGrooming": 0.06971975415945053, "RecallGrooming": 0.04421326518058777, "PRCGrooming": 0.06214769184589386, "_wandb": {"runtime": 336}}