{"lossGrooming": 0.45343145728111267, "_timestamp": 1698480606.889811, "_runtime": 328.821475982666, "_step": 8, "TruePositivesGrooming": 5.0, "FalsePositivesGrooming": 3200.0, "TrueNegativesGrooming": 26893.0, "FalseNegativesGrooming": 2302.0, "AccuracyGrooming": 0.8301851749420166, "PrecisionGrooming": 0.0015600624028593302, "RecallGrooming": 0.0021673168521374464, "PRCGrooming": 0.053574997931718826, "_wandb": {"runtime": 327}}