{"lossMid Rearing": 0.45717522501945496, "_timestamp": 1697963408.6334982, "_runtime": 358.5277762413025, "_step": 8, "TruePositivesMid Rearing": 713.0, "FalsePositivesMid Rearing": 3149.0, "TrueNegativesMid Rearing": 25796.0, "FalseNegativesMid Rearing": 2742.0, "AccuracyMid Rearing": 0.8181790113449097, "PrecisionMid Rearing": 0.18461936712265015, "RecallMid Rearing": 0.2063675820827484, "PRCMid Rearing": 0.15380752086639404, "_wandb": {"runtime": 357}}