{"lossWall Rearing": 0.7094364762306213, "_timestamp": 1698022382.599201, "_runtime": 313.6629419326782, "_step": 8, "TruePositivesWall Rearing": 2136.0, "FalsePositivesWall Rearing": 11721.0, "TrueNegativesWall Rearing": 16377.0, "FalseNegativesWall Rearing": 2166.0, "AccuracyWall Rearing": 0.5713889002799988, "PrecisionWall Rearing": 0.15414592623710632, "RecallWall Rearing": 0.4965132474899292, "PRCWall Rearing": 0.16354481875896454, "_wandb": {"runtime": 312}}