{"lossWall Rearing": 0.668245792388916, "_timestamp": 1697964781.5950038, "_runtime": 323.6421527862549, "_step": 8, "TruePositivesWall Rearing": 1373.0, "FalsePositivesWall Rearing": 7772.0, "TrueNegativesWall Rearing": 20326.0, "FalseNegativesWall Rearing": 2929.0, "AccuracyWall Rearing": 0.6697221994400024, "PrecisionWall Rearing": 0.15013667941093445, "RecallWall Rearing": 0.31915387511253357, "PRCWall Rearing": 0.1524626612663269, "_wandb": {"runtime": 321}}