{"lossMid Rearing": 0.4634104073047638, "_timestamp": 1697966479.286779, "_runtime": 334.987587928772, "_step": 8, "TruePositivesMid Rearing": 674.0, "FalsePositivesMid Rearing": 2697.0, "TrueNegativesMid Rearing": 26248.0, "FalseNegativesMid Rearing": 2781.0, "AccuracyMid Rearing": 0.8309259414672852, "PrecisionMid Rearing": 0.19994066655635834, "RecallMid Rearing": 0.19507959485054016, "PRCMid Rearing": 0.15189015865325928, "_wandb": {"runtime": 333}}