{"lossGrooming": 0.42527785897254944, "_timestamp": 1697896156.7785769, "_runtime": 323.9887409210205, "_step": 8, "TruePositivesGrooming": 322.0, "FalsePositivesGrooming": 1859.0, "TrueNegativesGrooming": 28234.0, "FalseNegativesGrooming": 1985.0, "AccuracyGrooming": 0.8813580274581909, "PrecisionGrooming": 0.1476386934518814, "RecallGrooming": 0.13957521319389343, "PRCGrooming": 0.11485953629016876, "_wandb": {"runtime": 323}}