{"lossGrooming": 0.9069239497184753, "_timestamp": 1697950703.352959, "_runtime": 335.4490439891815, "_step": 8, "TruePositivesGrooming": 930.0, "FalsePositivesGrooming": 14208.0, "TrueNegativesGrooming": 15885.0, "FalseNegativesGrooming": 1377.0, "AccuracyGrooming": 0.5189814567565918, "PrecisionGrooming": 0.061434801667928696, "RecallGrooming": 0.4031209349632263, "PRCGrooming": 0.06286493688821793, "_wandb": {"runtime": 334}}