{"lossGrooming": 0.3450182378292084, "_timestamp": 1698066692.066093, "_runtime": 329.8786549568176, "_step": 8, "TruePositivesGrooming": 4.0, "FalsePositivesGrooming": 807.0, "TrueNegativesGrooming": 29286.0, "FalseNegativesGrooming": 2303.0, "AccuracyGrooming": 0.9040123224258423, "PrecisionGrooming": 0.004932182375341654, "RecallGrooming": 0.0017338534817099571, "PRCGrooming": 0.062243103981018066, "_wandb": {"runtime": 329}}