{"lossGrooming": 0.5491159558296204, "_timestamp": 1697926926.5017972, "_runtime": 334.2798020839691, "_step": 8, "TruePositivesGrooming": 335.0, "FalsePositivesGrooming": 4925.0, "TrueNegativesGrooming": 25168.0, "FalseNegativesGrooming": 1972.0, "AccuracyGrooming": 0.7871296405792236, "PrecisionGrooming": 0.06368821114301682, "RecallGrooming": 0.14521023631095886, "PRCGrooming": 0.0669112503528595, "_wandb": {"runtime": 333}}