{"lossMid Rearing": 0.6724211573600769, "_timestamp": 1698005444.289556, "_runtime": 353.06772112846375, "_step": 8, "TruePositivesMid Rearing": 1261.0, "FalsePositivesMid Rearing": 7792.0, "TrueNegativesMid Rearing": 21153.0, "FalseNegativesMid Rearing": 2194.0, "AccuracyMid Rearing": 0.6917901039123535, "PrecisionMid Rearing": 0.13929083943367004, "RecallMid Rearing": 0.36497828364372253, "PRCMid Rearing": 0.13540767133235931, "_wandb": {"runtime": 351}}