{"loss": 1.516507625579834, "metrics": [1631.0, 20742.0, 9351.0, 676.0, 0.33895060420036316, 0.07290036976337433, 0.7069787383079529, 0.07777000218629837], "_timestamp": 1697718390.5747929, "_runtime": 333.29214692115784, "_step": 0, "_wandb": {"runtime": 332}}