{"lossMid Rearing": 0.70053631067276, "_timestamp": 1697934454.7306392, "_runtime": 338.92420721054077, "_step": 8, "TruePositivesMid Rearing": 1517.0, "FalsePositivesMid Rearing": 9326.0, "TrueNegativesMid Rearing": 19619.0, "FalseNegativesMid Rearing": 1938.0, "AccuracyMid Rearing": 0.6523456573486328, "PrecisionMid Rearing": 0.1399059295654297, "RecallMid Rearing": 0.4390738010406494, "PRCMid Rearing": 0.13279494643211365, "_wandb": {"runtime": 337}}