{"lossGrooming": 0.4576026201248169, "_timestamp": 1697971238.017231, "_runtime": 340.7721710205078, "_step": 8, "TruePositivesGrooming": 179.0, "FalsePositivesGrooming": 2780.0, "TrueNegativesGrooming": 27313.0, "FalseNegativesGrooming": 2128.0, "AccuracyGrooming": 0.8485184907913208, "PrecisionGrooming": 0.060493409633636475, "RecallGrooming": 0.07758994400501251, "PRCGrooming": 0.06262600421905518, "_wandb": {"runtime": 340}}