{"lossMid Rearing": 0.5566420555114746, "_timestamp": 1698007588.97853, "_runtime": 376.7871630191803, "_step": 8, "TruePositivesMid Rearing": 1436.0, "FalsePositivesMid Rearing": 7084.0, "TrueNegativesMid Rearing": 21861.0, "FalseNegativesMid Rearing": 2019.0, "AccuracyMid Rearing": 0.7190431952476501, "PrecisionMid Rearing": 0.16854460537433624, "RecallMid Rearing": 0.4156295359134674, "PRCMid Rearing": 0.15414167940616608, "_wandb": {"runtime": 375}}