{"lossWall Rearing": 0.6228197813034058, "_timestamp": 1698043928.305887, "_runtime": 319.5092658996582, "_step": 8, "TruePositivesWall Rearing": 1209.0, "FalsePositivesWall Rearing": 7126.0, "TrueNegativesWall Rearing": 20972.0, "FalseNegativesWall Rearing": 3093.0, "AccuracyWall Rearing": 0.6845987439155579, "PrecisionWall Rearing": 0.1450509876012802, "RecallWall Rearing": 0.28103208541870117, "PRCWall Rearing": 0.15311864018440247, "_wandb": {"runtime": 317}}