{"lossGrooming": 0.3078077435493469, "_timestamp": 1698482342.153392, "_runtime": 332.2847671508789, "_step": 8, "TruePositivesGrooming": 0.0, "FalsePositivesGrooming": 298.0, "TrueNegativesGrooming": 29795.0, "FalseNegativesGrooming": 2307.0, "AccuracyGrooming": 0.9195987582206726, "PrecisionGrooming": 0.0, "RecallGrooming": 0.0, "PRCGrooming": 0.05956847220659256, "_wandb": {"runtime": 331}}