{"lossGrooming": 0.6789707541465759, "_timestamp": 1698052736.0544078, "_runtime": 335.5983407497406, "_step": 8, "TruePositivesGrooming": 917.0, "FalsePositivesGrooming": 6727.0, "TrueNegativesGrooming": 23366.0, "FalseNegativesGrooming": 1390.0, "AccuracyGrooming": 0.7494753003120422, "PrecisionGrooming": 0.11996337026357651, "RecallGrooming": 0.3974859118461609, "PRCGrooming": 0.12918075919151306, "_wandb": {"runtime": 334}}