{"lossMid Rearing": 0.4151834547519684, "_timestamp": 1697996242.9475899, "_runtime": 336.8388338088989, "_step": 8, "TruePositivesMid Rearing": 444.0, "FalsePositivesMid Rearing": 1511.0, "TrueNegativesMid Rearing": 27434.0, "FalseNegativesMid Rearing": 3011.0, "AccuracyMid Rearing": 0.8604320883750916, "PrecisionMid Rearing": 0.22710996866226196, "RecallMid Rearing": 0.12850940227508545, "PRCMid Rearing": 0.15121668577194214, "_wandb": {"runtime": 335}}