{"lossGrooming": 0.6651791930198669, "_timestamp": 1698050990.698132, "_runtime": 336.5183439254761, "_step": 8, "TruePositivesGrooming": 317.0, "FalsePositivesGrooming": 6998.0, "TrueNegativesGrooming": 23095.0, "FalseNegativesGrooming": 1990.0, "AccuracyGrooming": 0.7225925922393799, "PrecisionGrooming": 0.04333561286330223, "RecallGrooming": 0.13740788400173187, "PRCGrooming": 0.05615430325269699, "_wandb": {"runtime": 335}}