{"lossWall Rearing": 0.654054582118988, "_timestamp": 1697914167.9141362, "_runtime": 315.21533608436584, "_step": 8, "TruePositivesWall Rearing": 1023.0, "FalsePositivesWall Rearing": 5747.0, "TrueNegativesWall Rearing": 22351.0, "FalseNegativesWall Rearing": 3279.0, "AccuracyWall Rearing": 0.7214197516441345, "PrecisionWall Rearing": 0.15110783278942108, "RecallWall Rearing": 0.2377963811159134, "PRCWall Rearing": 0.15674495697021484, "_wandb": {"runtime": 313}}