{"lossWall Rearing": 0.7219454646110535, "_timestamp": 1698007923.2824142, "_runtime": 328.3534891605377, "_step": 8, "TruePositivesWall Rearing": 2291.0, "FalsePositivesWall Rearing": 11938.0, "TrueNegativesWall Rearing": 16160.0, "FalseNegativesWall Rearing": 2011.0, "AccuracyWall Rearing": 0.5694752931594849, "PrecisionWall Rearing": 0.16100920736789703, "RecallWall Rearing": 0.5325430035591125, "PRCWall Rearing": 0.1772793084383011, "_wandb": {"runtime": 325}}