{"lossGrooming": 0.680853009223938, "_timestamp": 1697979495.000544, "_runtime": 344.12558102607727, "_step": 8, "TruePositivesGrooming": 212.0, "FalsePositivesGrooming": 9113.0, "TrueNegativesGrooming": 20980.0, "FalseNegativesGrooming": 2095.0, "AccuracyGrooming": 0.6540740728378296, "PrecisionGrooming": 0.022734584286808968, "RecallGrooming": 0.09189423173666, "PRCGrooming": 0.04888200759887695, "_wandb": {"runtime": 343}}