{"lossWall Rearing": 0.5527894496917725, "_timestamp": 1698044953.4186811, "_runtime": 325.73851704597473, "_step": 8, "TruePositivesWall Rearing": 751.0, "FalsePositivesWall Rearing": 4549.0, "TrueNegativesWall Rearing": 23549.0, "FalseNegativesWall Rearing": 3551.0, "AccuracyWall Rearing": 0.75, "PrecisionWall Rearing": 0.14169810712337494, "RecallWall Rearing": 0.1745699644088745, "PRCWall Rearing": 0.13871587812900543, "_wandb": {"runtime": 323}}