{"lossGrooming": 0.5855686664581299, "_timestamp": 1698079259.650424, "_runtime": 331.2263140678406, "_step": 8, "TruePositivesGrooming": 459.0, "FalsePositivesGrooming": 5749.0, "TrueNegativesGrooming": 24344.0, "FalseNegativesGrooming": 1848.0, "AccuracyGrooming": 0.765524685382843, "PrecisionGrooming": 0.07393685728311539, "RecallGrooming": 0.19895969331264496, "PRCGrooming": 0.07398220896720886, "_wandb": {"runtime": 330}}