{"lossGrooming": 0.43722203373908997, "_timestamp": 1697910412.539482, "_runtime": 326.14034605026245, "_step": 8, "TruePositivesGrooming": 149.0, "FalsePositivesGrooming": 2668.0, "TrueNegativesGrooming": 27425.0, "FalseNegativesGrooming": 2158.0, "AccuracyGrooming": 0.8510493636131287, "PrecisionGrooming": 0.052893150597810745, "RecallGrooming": 0.06458604335784912, "PRCGrooming": 0.06389511376619339, "_wandb": {"runtime": 325}}