{"lossMid Rearing": 0.5561344623565674, "_timestamp": 1697901571.504298, "_runtime": 343.6284830570221, "_step": 8, "TruePositivesMid Rearing": 1136.0, "FalsePositivesMid Rearing": 6503.0, "TrueNegativesMid Rearing": 22442.0, "FalseNegativesMid Rearing": 2319.0, "AccuracyMid Rearing": 0.7277160286903381, "PrecisionMid Rearing": 0.14871056377887726, "RecallMid Rearing": 0.3287988305091858, "PRCMid Rearing": 0.12961800396442413, "_wandb": {"runtime": 342}}