{"lossMid Rearing": 0.5214682817459106, "_timestamp": 1697928279.2369301, "_runtime": 334.1711640357971, "_step": 8, "TruePositivesMid Rearing": 1058.0, "FalsePositivesMid Rearing": 5266.0, "TrueNegativesMid Rearing": 23679.0, "FalseNegativesMid Rearing": 2397.0, "AccuracyMid Rearing": 0.7634876370429993, "PrecisionMid Rearing": 0.16729918122291565, "RecallMid Rearing": 0.3062228560447693, "PRCMid Rearing": 0.14988510310649872, "_wandb": {"runtime": 333}}