{"lossWall Rearing": 0.6693143248558044, "_timestamp": 1698013116.101393, "_runtime": 323.04526591300964, "_step": 8, "TruePositivesWall Rearing": 1114.0, "FalsePositivesWall Rearing": 6489.0, "TrueNegativesWall Rearing": 21609.0, "FalseNegativesWall Rearing": 3188.0, "AccuracyWall Rearing": 0.7013271450996399, "PrecisionWall Rearing": 0.14652110636234283, "RecallWall Rearing": 0.258949339389801, "PRCWall Rearing": 0.15304744243621826, "_wandb": {"runtime": 321}}