{"lossGrooming": 0.5172447562217712, "_timestamp": 1697930999.903219, "_runtime": 333.1966860294342, "_step": 8, "TruePositivesGrooming": 285.0, "FalsePositivesGrooming": 4336.0, "TrueNegativesGrooming": 25757.0, "FalseNegativesGrooming": 2022.0, "AccuracyGrooming": 0.8037654161453247, "PrecisionGrooming": 0.06167496368288994, "RecallGrooming": 0.12353706359863281, "PRCGrooming": 0.0681273490190506, "_wandb": {"runtime": 332}}