{"lossWall Rearing": 0.5955489873886108, "_timestamp": 1697937883.774356, "_runtime": 327.6259138584137, "_step": 8, "TruePositivesWall Rearing": 1795.0, "FalsePositivesWall Rearing": 9126.0, "TrueNegativesWall Rearing": 18972.0, "FalseNegativesWall Rearing": 2507.0, "AccuracyWall Rearing": 0.6409568190574646, "PrecisionWall Rearing": 0.16436223685741425, "RecallWall Rearing": 0.41724780201911926, "PRCWall Rearing": 0.16153064370155334, "_wandb": {"runtime": 326}}