{"lossGrooming": 0.5695781111717224, "_timestamp": 1697993886.7532852, "_runtime": 331.45007610321045, "_step": 8, "TruePositivesGrooming": 576.0, "FalsePositivesGrooming": 5520.0, "TrueNegativesGrooming": 24573.0, "FalseNegativesGrooming": 1731.0, "AccuracyGrooming": 0.7762036919593811, "PrecisionGrooming": 0.09448818862438202, "RecallGrooming": 0.24967490136623383, "PRCGrooming": 0.08722221106290817, "_wandb": {"runtime": 330}}