{"lossMid Rearing": 0.6526045799255371, "_timestamp": 1697903621.848953, "_runtime": 337.8030788898468, "_step": 8, "TruePositivesMid Rearing": 1149.0, "FalsePositivesMid Rearing": 7045.0, "TrueNegativesMid Rearing": 21900.0, "FalseNegativesMid Rearing": 2306.0, "AccuracyMid Rearing": 0.711388885974884, "PrecisionMid Rearing": 0.14022456109523773, "RecallMid Rearing": 0.3325614929199219, "PRCMid Rearing": 0.1425531655550003, "_wandb": {"runtime": 336}}