{"lossWall Rearing": 0.6805170774459839, "_timestamp": 1697966804.251979, "_runtime": 320.5608170032501, "_step": 8, "TruePositivesWall Rearing": 1634.0, "FalsePositivesWall Rearing": 9158.0, "TrueNegativesWall Rearing": 18940.0, "FalseNegativesWall Rearing": 2668.0, "AccuracyWall Rearing": 0.6349999904632568, "PrecisionWall Rearing": 0.15140844881534576, "RecallWall Rearing": 0.37982332706451416, "PRCWall Rearing": 0.1463923305273056, "_wandb": {"runtime": 319}}