{"lossGrooming": 0.7249532341957092, "_timestamp": 1698058971.1162298, "_runtime": 335.89911580085754, "_step": 8, "TruePositivesGrooming": 707.0, "FalsePositivesGrooming": 7216.0, "TrueNegativesGrooming": 22877.0, "FalseNegativesGrooming": 1600.0, "AccuracyGrooming": 0.7279012203216553, "PrecisionGrooming": 0.0892338752746582, "RecallGrooming": 0.30645859241485596, "PRCGrooming": 0.0744396448135376, "_wandb": {"runtime": 335}}