{"lossMid Rearing": 0.5257707238197327, "_timestamp": 1697952086.241811, "_runtime": 331.5053930282593, "_step": 8, "TruePositivesMid Rearing": 713.0, "FalsePositivesMid Rearing": 3493.0, "TrueNegativesMid Rearing": 25452.0, "FalseNegativesMid Rearing": 2742.0, "AccuracyMid Rearing": 0.8075617551803589, "PrecisionMid Rearing": 0.16951973736286163, "RecallMid Rearing": 0.2063675820827484, "PRCMid Rearing": 0.1415393203496933, "_wandb": {"runtime": 330}}