{"lossWall Rearing": 0.7156503200531006, "_timestamp": 1697956531.802921, "_runtime": 320.5578420162201, "_step": 8, "TruePositivesWall Rearing": 1265.0, "FalsePositivesWall Rearing": 7824.0, "TrueNegativesWall Rearing": 20274.0, "FalseNegativesWall Rearing": 3037.0, "AccuracyWall Rearing": 0.6647839546203613, "PrecisionWall Rearing": 0.13917922973632812, "RecallWall Rearing": 0.29404929280281067, "PRCWall Rearing": 0.1476106345653534, "_wandb": {"runtime": 319}}