{"lossGrooming": 0.3634849786758423, "_timestamp": 1698063554.266376, "_runtime": 336.9108839035034, "_step": 8, "TruePositivesGrooming": 1.0, "FalsePositivesGrooming": 1461.0, "TrueNegativesGrooming": 28632.0, "FalseNegativesGrooming": 2306.0, "AccuracyGrooming": 0.8837345838546753, "PrecisionGrooming": 0.000683994556311518, "RecallGrooming": 0.0004334633704274893, "PRCGrooming": 0.054006367921829224, "_wandb": {"runtime": 336}}