{"lossGrooming": 0.6273213028907776, "_timestamp": 1698481995.113322, "_runtime": 333.29733300209045, "_step": 8, "TruePositivesGrooming": 310.0, "FalsePositivesGrooming": 6365.0, "TrueNegativesGrooming": 23728.0, "FalseNegativesGrooming": 1997.0, "AccuracyGrooming": 0.7419135570526123, "PrecisionGrooming": 0.0464419461786747, "RecallGrooming": 0.13437364995479584, "PRCGrooming": 0.05706362426280975, "_wandb": {"runtime": 332}}