{"lossGrooming": 0.3109420835971832, "_timestamp": 1697967153.855617, "_runtime": 335.7343180179596, "_step": 8, "TruePositivesGrooming": 437.0, "FalsePositivesGrooming": 1608.0, "TrueNegativesGrooming": 28485.0, "FalseNegativesGrooming": 1870.0, "AccuracyGrooming": 0.892654299736023, "PrecisionGrooming": 0.21369193494319916, "RecallGrooming": 0.18942348659038544, "PRCGrooming": 0.15072859823703766, "_wandb": {"runtime": 335}}