{"lossMid Rearing": 0.5016477108001709, "_timestamp": 1697890355.3261042, "_runtime": 331.34150314331055, "_step": 8, "TruePositivesMid Rearing": 509.0, "FalsePositivesMid Rearing": 2861.0, "TrueNegativesMid Rearing": 26084.0, "FalseNegativesMid Rearing": 2946.0, "AccuracyMid Rearing": 0.8207716345787048, "PrecisionMid Rearing": 0.15103857219219208, "RecallMid Rearing": 0.14732271432876587, "PRCMid Rearing": 0.12798815965652466, "_wandb": {"runtime": 329}}