{"lossGrooming": 0.39444994926452637, "_timestamp": 1698488914.8047428, "_runtime": 330.05735969543457, "_step": 8, "TruePositivesGrooming": 228.0, "FalsePositivesGrooming": 1594.0, "TrueNegativesGrooming": 28499.0, "FalseNegativesGrooming": 2079.0, "AccuracyGrooming": 0.8866357803344727, "PrecisionGrooming": 0.12513720989227295, "RecallGrooming": 0.09882964938879013, "PRCGrooming": 0.08360080420970917, "_wandb": {"runtime": 329}}