{"loss": 0.5430769324302673, "metrics": [459.0, 5104.0, 24989.0, 1848.0, 0.7854321002960205, 0.08250943571329117, 0.19895969331264496, 0.10823944956064224], "_timestamp": 1697719728.706985, "_runtime": 334.4535710811615, "_step": 0, "_wandb": {"runtime": 333}}