{"lossMid Rearing": 0.805387020111084, "_timestamp": 1697953099.501413, "_runtime": 345.2713551521301, "_step": 8, "TruePositivesMid Rearing": 1966.0, "FalsePositivesMid Rearing": 12436.0, "TrueNegativesMid Rearing": 16509.0, "FalseNegativesMid Rearing": 1489.0, "AccuracyMid Rearing": 0.5702160596847534, "PrecisionMid Rearing": 0.13650882244110107, "RecallMid Rearing": 0.5690304040908813, "PRCMid Rearing": 0.14070788025856018, "_wandb": {"runtime": 343}}