{"lossMid Rearing": 0.43416038155555725, "_timestamp": 1697956206.401814, "_runtime": 340.7555069923401, "_step": 8, "TruePositivesMid Rearing": 576.0, "FalsePositivesMid Rearing": 2942.0, "TrueNegativesMid Rearing": 26003.0, "FalseNegativesMid Rearing": 2879.0, "AccuracyMid Rearing": 0.8203395009040833, "PrecisionMid Rearing": 0.16372938454151154, "RecallMid Rearing": 0.16671490669250488, "PRCMid Rearing": 0.1388777792453766, "_wandb": {"runtime": 339}}