{"lossMid Rearing": 0.43980738520622253, "_timestamp": 1698027168.242196, "_runtime": 346.4134531021118, "_step": 8, "TruePositivesMid Rearing": 704.0, "FalsePositivesMid Rearing": 3125.0, "TrueNegativesMid Rearing": 25820.0, "FalseNegativesMid Rearing": 2751.0, "AccuracyMid Rearing": 0.8186419606208801, "PrecisionMid Rearing": 0.18386001884937286, "RecallMid Rearing": 0.20376266539096832, "PRCMid Rearing": 0.1429711878299713, "_wandb": {"runtime": 344}}