{"lossGrooming": 0.5035914778709412, "_timestamp": 1697965125.5981472, "_runtime": 328.40930223464966, "_step": 8, "TruePositivesGrooming": 219.0, "FalsePositivesGrooming": 5220.0, "TrueNegativesGrooming": 24873.0, "FalseNegativesGrooming": 2088.0, "AccuracyGrooming": 0.7744444608688354, "PrecisionGrooming": 0.04026475548744202, "RecallGrooming": 0.09492848068475723, "PRCGrooming": 0.05649654567241669, "_wandb": {"runtime": 327}}