{"lossGrooming": 0.33960437774658203, "_timestamp": 1697968178.245932, "_runtime": 331.0580861568451, "_step": 8, "TruePositivesGrooming": 112.0, "FalsePositivesGrooming": 1452.0, "TrueNegativesGrooming": 28641.0, "FalseNegativesGrooming": 2195.0, "AccuracyGrooming": 0.8874382972717285, "PrecisionGrooming": 0.07161125540733337, "RecallGrooming": 0.0485478974878788, "PRCGrooming": 0.07312753796577454, "_wandb": {"runtime": 330}}