{"lossGrooming": 0.49933791160583496, "_timestamp": 1698079612.183372, "_runtime": 335.99592304229736, "_step": 8, "TruePositivesGrooming": 197.0, "FalsePositivesGrooming": 3457.0, "TrueNegativesGrooming": 26636.0, "FalseNegativesGrooming": 2110.0, "AccuracyGrooming": 0.8281790018081665, "PrecisionGrooming": 0.05391351878643036, "RecallGrooming": 0.08539228141307831, "PRCGrooming": 0.059108540415763855, "_wandb": {"runtime": 335}}