{"lossGrooming": 0.44846710562705994, "_timestamp": 1698073310.6123378, "_runtime": 327.61095571517944, "_step": 8, "TruePositivesGrooming": 172.0, "FalsePositivesGrooming": 2805.0, "TrueNegativesGrooming": 27288.0, "FalseNegativesGrooming": 2135.0, "AccuracyGrooming": 0.8475308418273926, "PrecisionGrooming": 0.05777628347277641, "RecallGrooming": 0.07455570250749588, "PRCGrooming": 0.06742963194847107, "_wandb": {"runtime": 326}}