{"lossGrooming": 1.1683462858200073, "_timestamp": 1698057922.452668, "_runtime": 330.48851203918457, "_step": 8, "TruePositivesGrooming": 1540.0, "FalsePositivesGrooming": 15761.0, "TrueNegativesGrooming": 14332.0, "FalseNegativesGrooming": 767.0, "AccuracyGrooming": 0.48987653851509094, "PrecisionGrooming": 0.08901219815015793, "RecallGrooming": 0.6675335764884949, "PRCGrooming": 0.10706890374422073, "_wandb": {"runtime": 329}}