{"lossMid Rearing": 0.5996756553649902, "_timestamp": 1698040477.755937, "_runtime": 342.22120904922485, "_step": 8, "TruePositivesMid Rearing": 1174.0, "FalsePositivesMid Rearing": 6074.0, "TrueNegativesMid Rearing": 22871.0, "FalseNegativesMid Rearing": 2281.0, "AccuracyMid Rearing": 0.7421296238899231, "PrecisionMid Rearing": 0.1619757115840912, "RecallMid Rearing": 0.33979740738868713, "PRCMid Rearing": 0.15595866739749908, "_wandb": {"runtime": 340}}