{"lossWall Rearing": 0.6184419989585876, "_timestamp": 1697978078.300877, "_runtime": 318.1578621864319, "_step": 8, "TruePositivesWall Rearing": 970.0, "FalsePositivesWall Rearing": 6480.0, "TrueNegativesWall Rearing": 21618.0, "FalseNegativesWall Rearing": 3332.0, "AccuracyWall Rearing": 0.6971604824066162, "PrecisionWall Rearing": 0.1302013397216797, "RecallWall Rearing": 0.22547651827335358, "PRCWall Rearing": 0.1498148888349533, "_wandb": {"runtime": 316}}