{"lossWall Rearing": 0.5090054273605347, "_timestamp": 1697923471.766506, "_runtime": 322.7216980457306, "_step": 8, "TruePositivesWall Rearing": 346.0, "FalsePositivesWall Rearing": 2675.0, "TrueNegativesWall Rearing": 25423.0, "FalseNegativesWall Rearing": 3956.0, "AccuracyWall Rearing": 0.7953395247459412, "PrecisionWall Rearing": 0.11453161388635635, "RecallWall Rearing": 0.08042770624160767, "PRCWall Rearing": 0.12788903713226318, "_wandb": {"runtime": 320}}