{"lossGrooming": 0.4156556725502014, "_timestamp": 1698491772.549768, "_runtime": 329.2600769996643, "_step": 8, "TruePositivesGrooming": 238.0, "FalsePositivesGrooming": 2203.0, "TrueNegativesGrooming": 27890.0, "FalseNegativesGrooming": 2069.0, "AccuracyGrooming": 0.868148148059845, "PrecisionGrooming": 0.09750102460384369, "RecallGrooming": 0.10316428542137146, "PRCGrooming": 0.08275191485881805, "_wandb": {"runtime": 328}}