{"lossGrooming": 0.7347357273101807, "_timestamp": 1698490633.7243662, "_runtime": 323.5424361228943, "_step": 8, "TruePositivesGrooming": 620.0, "FalsePositivesGrooming": 8250.0, "TrueNegativesGrooming": 21843.0, "FalseNegativesGrooming": 1687.0, "AccuracyGrooming": 0.6933024525642395, "PrecisionGrooming": 0.06989853084087372, "RecallGrooming": 0.2687472999095917, "PRCGrooming": 0.07184169441461563, "_wandb": {"runtime": 321}}