{"lossGrooming": 0.5065556168556213, "_timestamp": 1697936161.7505999, "_runtime": 330.00375175476074, "_step": 8, "TruePositivesGrooming": 470.0, "FalsePositivesGrooming": 3931.0, "TrueNegativesGrooming": 26162.0, "FalseNegativesGrooming": 1837.0, "AccuracyGrooming": 0.8219752907752991, "PrecisionGrooming": 0.10679391026496887, "RecallGrooming": 0.20372778177261353, "PRCGrooming": 0.11748182773590088, "_wandb": {"runtime": 329}}