{"lossWall Rearing": 0.7300151586532593, "_timestamp": 1697971913.650666, "_runtime": 321.01317596435547, "_step": 8, "TruePositivesWall Rearing": 1712.0, "FalsePositivesWall Rearing": 10902.0, "TrueNegativesWall Rearing": 17196.0, "FalseNegativesWall Rearing": 2590.0, "AccuracyWall Rearing": 0.5835802555084229, "PrecisionWall Rearing": 0.13572221994400024, "RecallWall Rearing": 0.39795443415641785, "PRCWall Rearing": 0.14639514684677124, "_wandb": {"runtime": 319}}