{"lossMid Rearing": 0.5633261799812317, "_timestamp": 1697990129.545301, "_runtime": 372.02068400382996, "_step": 8, "TruePositivesMid Rearing": 703.0, "FalsePositivesMid Rearing": 3828.0, "TrueNegativesMid Rearing": 25117.0, "FalseNegativesMid Rearing": 2752.0, "AccuracyMid Rearing": 0.7969135642051697, "PrecisionMid Rearing": 0.15515339374542236, "RecallMid Rearing": 0.20347322523593903, "PRCMid Rearing": 0.13657507300376892, "_wandb": {"runtime": 370}}