{"lossGrooming": 0.3595616817474365, "_timestamp": 1698014509.758029, "_runtime": 343.13810300827026, "_step": 8, "TruePositivesGrooming": 161.0, "FalsePositivesGrooming": 1459.0, "TrueNegativesGrooming": 28634.0, "FalseNegativesGrooming": 2146.0, "AccuracyGrooming": 0.8887345790863037, "PrecisionGrooming": 0.09938271343708038, "RecallGrooming": 0.06978760659694672, "PRCGrooming": 0.07132608443498611, "_wandb": {"runtime": 342}}