{"lossGrooming": 0.29803603887557983, "_timestamp": 1697974306.569221, "_runtime": 337.1211619377136, "_step": 8, "TruePositivesGrooming": 2.0, "FalsePositivesGrooming": 463.0, "TrueNegativesGrooming": 29630.0, "FalseNegativesGrooming": 2305.0, "AccuracyGrooming": 0.9145678877830505, "PrecisionGrooming": 0.004301075357943773, "RecallGrooming": 0.0008669267408549786, "PRCGrooming": 0.06023252010345459, "_wandb": {"runtime": 336}}