{"lossGrooming": 0.555562436580658, "_timestamp": 1698088283.280163, "_runtime": 333.7514021396637, "_step": 8, "TruePositivesGrooming": 300.0, "FalsePositivesGrooming": 4764.0, "TrueNegativesGrooming": 25329.0, "FalseNegativesGrooming": 2007.0, "AccuracyGrooming": 0.791018545627594, "PrecisionGrooming": 0.059241704642772675, "RecallGrooming": 0.1300390064716339, "PRCGrooming": 0.06482992321252823, "_wandb": {"runtime": 333}}