{"lossWall Rearing": 0.6034145355224609, "_timestamp": 1697933758.3195362, "_runtime": 315.8841772079468, "_step": 8, "TruePositivesWall Rearing": 771.0, "FalsePositivesWall Rearing": 6155.0, "TrueNegativesWall Rearing": 21943.0, "FalseNegativesWall Rearing": 3531.0, "AccuracyWall Rearing": 0.7010493874549866, "PrecisionWall Rearing": 0.11131966859102249, "RecallWall Rearing": 0.17921896278858185, "PRCWall Rearing": 0.1288589984178543, "_wandb": {"runtime": 314}}