{"lossGrooming": 0.2788800597190857, "_timestamp": 1697903279.72867, "_runtime": 330.0684759616852, "_step": 8, "TruePositivesGrooming": 101.0, "FalsePositivesGrooming": 265.0, "TrueNegativesGrooming": 29828.0, "FalseNegativesGrooming": 2206.0, "AccuracyGrooming": 0.9237345457077026, "PrecisionGrooming": 0.27595627307891846, "RecallGrooming": 0.043779801577329636, "PRCGrooming": 0.09499142318964005, "_wandb": {"runtime": 329}}