{"lossGrooming": 0.44034409523010254, "_timestamp": 1697953782.870372, "_runtime": 342.67494106292725, "_step": 8, "TruePositivesGrooming": 303.0, "FalsePositivesGrooming": 2926.0, "TrueNegativesGrooming": 27167.0, "FalseNegativesGrooming": 2004.0, "AccuracyGrooming": 0.8478395342826843, "PrecisionGrooming": 0.09383710473775864, "RecallGrooming": 0.1313394010066986, "PRCGrooming": 0.07656937092542648, "_wandb": {"runtime": 341}}