{"lossGrooming": 0.5660633444786072, "_timestamp": 1698074362.255221, "_runtime": 333.40406799316406, "_step": 8, "TruePositivesGrooming": 528.0, "FalsePositivesGrooming": 6554.0, "TrueNegativesGrooming": 23539.0, "FalseNegativesGrooming": 1779.0, "AccuracyGrooming": 0.7428086400032043, "PrecisionGrooming": 0.07455521076917648, "RecallGrooming": 0.22886866331100464, "PRCGrooming": 0.06746916472911835, "_wandb": {"runtime": 332}}