{"lossMid Rearing": 0.4368475377559662, "_timestamp": 1698038453.815029, "_runtime": 345.86638879776, "_step": 8, "TruePositivesMid Rearing": 838.0, "FalsePositivesMid Rearing": 3742.0, "TrueNegativesMid Rearing": 25203.0, "FalseNegativesMid Rearing": 2617.0, "AccuracyMid Rearing": 0.803734540939331, "PrecisionMid Rearing": 0.18296943604946136, "RecallMid Rearing": 0.24254703521728516, "PRCMid Rearing": 0.15326212346553802, "_wandb": {"runtime": 344}}