{"lossGrooming": 0.7993449568748474, "_timestamp": 1698061073.167362, "_runtime": 342.48612999916077, "_step": 8, "TruePositivesGrooming": 1708.0, "FalsePositivesGrooming": 16213.0, "TrueNegativesGrooming": 13880.0, "FalseNegativesGrooming": 599.0, "AccuracyGrooming": 0.4811111092567444, "PrecisionGrooming": 0.09530717879533768, "RecallGrooming": 0.7403554320335388, "PRCGrooming": 0.1283775418996811, "_wandb": {"runtime": 341}}