{"lossWall Rearing": 0.5958210825920105, "_timestamp": 1698002675.9730072, "_runtime": 318.87124729156494, "_step": 8, "TruePositivesWall Rearing": 756.0, "FalsePositivesWall Rearing": 5081.0, "TrueNegativesWall Rearing": 23017.0, "FalseNegativesWall Rearing": 3546.0, "AccuracyWall Rearing": 0.7337345480918884, "PrecisionWall Rearing": 0.12951858341693878, "RecallWall Rearing": 0.17573221027851105, "PRCWall Rearing": 0.1330614984035492, "_wandb": {"runtime": 317}}