{"lossMid Rearing": 0.5406742691993713, "_timestamp": 1698026148.316092, "_runtime": 351.2848889827728, "_step": 8, "TruePositivesMid Rearing": 826.0, "FalsePositivesMid Rearing": 4072.0, "TrueNegativesMid Rearing": 24873.0, "FalseNegativesMid Rearing": 2629.0, "AccuracyMid Rearing": 0.7931790351867676, "PrecisionMid Rearing": 0.16864025592803955, "RecallMid Rearing": 0.23907381296157837, "PRCMid Rearing": 0.1469891369342804, "_wandb": {"runtime": 349}}