{"lossWall Rearing": 0.5285573601722717, "_timestamp": 1697909046.925226, "_runtime": 322.6722390651703, "_step": 8, "TruePositivesWall Rearing": 873.0, "FalsePositivesWall Rearing": 3827.0, "TrueNegativesWall Rearing": 24271.0, "FalseNegativesWall Rearing": 3429.0, "AccuracyWall Rearing": 0.7760493755340576, "PrecisionWall Rearing": 0.18574468791484833, "RecallWall Rearing": 0.20292887091636658, "PRCWall Rearing": 0.1671430915594101, "_wandb": {"runtime": 319}}