{"loss": 0.47393861413002014, "_timestamp": 1697792831.1258922, "_runtime": 321.02310013771057, "_step": 8, "TruePositives": 339.0, "FalsePositives": 4384.0, "TrueNegatives": 25709.0, "FalseNegatives": 1968.0, "Accuracy": 0.8039506077766418, "Precision": 0.07177641242742538, "Recall": 0.1469440758228302, "PRC": 0.08621401339769363, "_wandb": {"runtime": 320}}