{"lossGrooming": 0.6825549602508545, "_timestamp": 1697976369.1730292, "_runtime": 347.8166491985321, "_step": 8, "TruePositivesGrooming": 722.0, "FalsePositivesGrooming": 6737.0, "TrueNegativesGrooming": 23356.0, "FalseNegativesGrooming": 1585.0, "AccuracyGrooming": 0.743148148059845, "PrecisionGrooming": 0.09679581969976425, "RecallGrooming": 0.31296056509017944, "PRCGrooming": 0.10047561675310135, "_wandb": {"runtime": 347}}