{"lossGrooming": 0.7865208387374878, "_timestamp": 1698086212.440062, "_runtime": 335.83994603157043, "_step": 8, "TruePositivesGrooming": 780.0, "FalsePositivesGrooming": 8702.0, "TrueNegativesGrooming": 21391.0, "FalseNegativesGrooming": 1527.0, "AccuracyGrooming": 0.6842901110649109, "PrecisionGrooming": 0.08226112276315689, "RecallGrooming": 0.33810141682624817, "PRCGrooming": 0.0884755551815033, "_wandb": {"runtime": 335}}