{"lossWall Rearing": 0.6905533075332642, "_timestamp": 1698036736.094342, "_runtime": 326.68621492385864, "_step": 8, "TruePositivesWall Rearing": 1802.0, "FalsePositivesWall Rearing": 9850.0, "TrueNegativesWall Rearing": 18248.0, "FalseNegativesWall Rearing": 2500.0, "AccuracyWall Rearing": 0.6188271641731262, "PrecisionWall Rearing": 0.15465156733989716, "RecallWall Rearing": 0.41887494921684265, "PRCWall Rearing": 0.1610475480556488, "_wandb": {"runtime": 325}}