{"lossGrooming": 0.644824743270874, "_timestamp": 1698015550.1180182, "_runtime": 336.56830525398254, "_step": 8, "TruePositivesGrooming": 523.0, "FalsePositivesGrooming": 6633.0, "TrueNegativesGrooming": 23460.0, "FalseNegativesGrooming": 1784.0, "AccuracyGrooming": 0.740216076374054, "PrecisionGrooming": 0.07308552414178848, "RecallGrooming": 0.22670134902000427, "PRCGrooming": 0.09686386585235596, "_wandb": {"runtime": 335}}