{"lossMid Rearing": 0.4333028495311737, "_timestamp": 1697959306.924007, "_runtime": 363.4331729412079, "_step": 8, "TruePositivesMid Rearing": 586.0, "FalsePositivesMid Rearing": 1820.0, "TrueNegativesMid Rearing": 27125.0, "FalseNegativesMid Rearing": 2869.0, "AccuracyMid Rearing": 0.8552777767181396, "PrecisionMid Rearing": 0.24355776607990265, "RecallMid Rearing": 0.16960926353931427, "PRCMid Rearing": 0.16264507174491882, "_wandb": {"runtime": 361}}