{"lossGrooming": 0.5668298602104187, "_timestamp": 1698010346.446676, "_runtime": 337.03830790519714, "_step": 8, "TruePositivesGrooming": 446.0, "FalsePositivesGrooming": 5413.0, "TrueNegativesGrooming": 24680.0, "FalseNegativesGrooming": 1861.0, "AccuracyGrooming": 0.7754938006401062, "PrecisionGrooming": 0.07612220197916031, "RecallGrooming": 0.19332467019557953, "PRCGrooming": 0.0677323043346405, "_wandb": {"runtime": 336}}