{"lossMid Rearing": 0.5677049160003662, "_timestamp": 1697949010.187841, "_runtime": 355.08577704429626, "_step": 8, "TruePositivesMid Rearing": 981.0, "FalsePositivesMid Rearing": 5041.0, "TrueNegativesMid Rearing": 23904.0, "FalseNegativesMid Rearing": 2474.0, "AccuracyMid Rearing": 0.7680555582046509, "PrecisionMid Rearing": 0.16290268301963806, "RecallMid Rearing": 0.2839363217353821, "PRCMid Rearing": 0.15075987577438354, "_wandb": {"runtime": 353}}