{"lossMid Rearing": 0.4622584581375122, "_timestamp": 1697946909.7608252, "_runtime": 352.93031120300293, "_step": 8, "TruePositivesMid Rearing": 482.0, "FalsePositivesMid Rearing": 2410.0, "TrueNegativesMid Rearing": 26535.0, "FalseNegativesMid Rearing": 2973.0, "AccuracyMid Rearing": 0.8338580131530762, "PrecisionMid Rearing": 0.1666666716337204, "RecallMid Rearing": 0.1395079642534256, "PRCMid Rearing": 0.13858306407928467, "_wandb": {"runtime": 351}}