{"lossGrooming": 0.35010990500450134, "_timestamp": 1697912477.6396952, "_runtime": 335.0392861366272, "_step": 8, "TruePositivesGrooming": 171.0, "FalsePositivesGrooming": 1382.0, "TrueNegativesGrooming": 28711.0, "FalseNegativesGrooming": 2136.0, "AccuracyGrooming": 0.8914197683334351, "PrecisionGrooming": 0.11010946333408356, "RecallGrooming": 0.07412223517894745, "PRCGrooming": 0.08260708302259445, "_wandb": {"runtime": 334}}