{"lossMid Rearing": 0.44581037759780884, "_timestamp": 1697955192.908013, "_runtime": 353.5095942020416, "_step": 8, "TruePositivesMid Rearing": 771.0, "FalsePositivesMid Rearing": 3228.0, "TrueNegativesMid Rearing": 25717.0, "FalseNegativesMid Rearing": 2684.0, "AccuracyMid Rearing": 0.8175308704376221, "PrecisionMid Rearing": 0.1927981972694397, "RecallMid Rearing": 0.22315484285354614, "PRCMid Rearing": 0.14920824766159058, "_wandb": {"runtime": 352}}