{"lossMid Rearing": 0.4760451912879944, "_timestamp": 1697971587.09504, "_runtime": 344.32006001472473, "_step": 8, "TruePositivesMid Rearing": 772.0, "FalsePositivesMid Rearing": 3759.0, "TrueNegativesMid Rearing": 25186.0, "FalseNegativesMid Rearing": 2683.0, "AccuracyMid Rearing": 0.8011728525161743, "PrecisionMid Rearing": 0.1703818142414093, "RecallMid Rearing": 0.22344428300857544, "PRCMid Rearing": 0.15200696885585785, "_wandb": {"runtime": 342}}