{"lossMid Rearing": 0.4957178235054016, "_timestamp": 1697895490.6823108, "_runtime": 357.44539976119995, "_step": 8, "TruePositivesMid Rearing": 617.0, "FalsePositivesMid Rearing": 2869.0, "TrueNegativesMid Rearing": 26076.0, "FalseNegativesMid Rearing": 2838.0, "AccuracyMid Rearing": 0.8238580226898193, "PrecisionMid Rearing": 0.17699368298053741, "RecallMid Rearing": 0.17858175933361053, "PRCMid Rearing": 0.14518818259239197, "_wandb": {"runtime": 356}}