{"lossMid Rearing": 0.5480217933654785, "_timestamp": 1697998295.272904, "_runtime": 339.09762501716614, "_step": 8, "TruePositivesMid Rearing": 772.0, "FalsePositivesMid Rearing": 3623.0, "TrueNegativesMid Rearing": 25322.0, "FalseNegativesMid Rearing": 2683.0, "AccuracyMid Rearing": 0.8053703904151917, "PrecisionMid Rearing": 0.17565415799617767, "RecallMid Rearing": 0.22344428300857544, "PRCMid Rearing": 0.14396674931049347, "_wandb": {"runtime": 337}}