{"lossGrooming": 0.35273557901382446, "_timestamp": 1698488250.483209, "_runtime": 336.94705390930176, "_step": 8, "TruePositivesGrooming": 57.0, "FalsePositivesGrooming": 1911.0, "TrueNegativesGrooming": 28182.0, "FalseNegativesGrooming": 2250.0, "AccuracyGrooming": 0.8715741038322449, "PrecisionGrooming": 0.028963414952158928, "RecallGrooming": 0.024707412347197533, "PRCGrooming": 0.052772391587495804, "_wandb": {"runtime": 336}}