{"lossGrooming": 0.4217095673084259, "_timestamp": 1698082718.0215812, "_runtime": 329.8272292613983, "_step": 8, "TruePositivesGrooming": 275.0, "FalsePositivesGrooming": 2500.0, "TrueNegativesGrooming": 27593.0, "FalseNegativesGrooming": 2032.0, "AccuracyGrooming": 0.8601234555244446, "PrecisionGrooming": 0.09909909963607788, "RecallGrooming": 0.11920242756605148, "PRCGrooming": 0.07283774018287659, "_wandb": {"runtime": 328}}