{"loss": 0.6836504936218262, "_timestamp": 1697716517.837292, "_runtime": 333.9477789402008, "_step": 0, "_wandb": {"runtime": 333}}