{"lossWall Rearing": 0.5969151854515076, "_timestamp": 1697983271.1616, "_runtime": 322.30983304977417, "_step": 8, "TruePositivesWall Rearing": 919.0, "FalsePositivesWall Rearing": 4237.0, "TrueNegativesWall Rearing": 23861.0, "FalseNegativesWall Rearing": 3383.0, "AccuracyWall Rearing": 0.7648147940635681, "PrecisionWall Rearing": 0.17823894321918488, "RecallWall Rearing": 0.2136215716600418, "PRCWall Rearing": 0.1641121208667755, "_wandb": {"runtime": 320}}