{"lossMid Rearing": 0.5129736661911011, "_timestamp": 1697921087.003226, "_runtime": 362.5855929851532, "_step": 8, "TruePositivesMid Rearing": 756.0, "FalsePositivesMid Rearing": 3995.0, "TrueNegativesMid Rearing": 24950.0, "FalseNegativesMid Rearing": 2699.0, "AccuracyMid Rearing": 0.7933950424194336, "PrecisionMid Rearing": 0.15912438929080963, "RecallMid Rearing": 0.21881331503391266, "PRCMid Rearing": 0.1381843239068985, "_wandb": {"runtime": 359}}