{"lossMid Rearing": 0.6769360303878784, "_timestamp": 1697957239.9191658, "_runtime": 343.57259583473206, "_step": 8, "TruePositivesMid Rearing": 2174.0, "FalsePositivesMid Rearing": 12625.0, "TrueNegativesMid Rearing": 16320.0, "FalseNegativesMid Rearing": 1281.0, "AccuracyMid Rearing": 0.5708024501800537, "PrecisionMid Rearing": 0.14690181612968445, "RecallMid Rearing": 0.6292330026626587, "PRCMid Rearing": 0.14703774452209473, "_wandb": {"runtime": 342}}