{"lossWall Rearing": 0.5322802066802979, "_timestamp": 1697996575.7642891, "_runtime": 328.10908913612366, "_step": 8, "TruePositivesWall Rearing": 397.0, "FalsePositivesWall Rearing": 1550.0, "TrueNegativesWall Rearing": 26548.0, "FalseNegativesWall Rearing": 3905.0, "AccuracyWall Rearing": 0.8316357731819153, "PrecisionWall Rearing": 0.2039034366607666, "RecallWall Rearing": 0.09228266030550003, "PRCWall Rearing": 0.15828479826450348, "_wandb": {"runtime": 326}}