{"lossGrooming": 0.5416542887687683, "_timestamp": 1698482694.309149, "_runtime": 335.854061126709, "_step": 8, "TruePositivesGrooming": 416.0, "FalsePositivesGrooming": 5660.0, "TrueNegativesGrooming": 24433.0, "FalseNegativesGrooming": 1891.0, "AccuracyGrooming": 0.7669444680213928, "PrecisionGrooming": 0.06846609711647034, "RecallGrooming": 0.18032076954841614, "PRCGrooming": 0.10040400922298431, "_wandb": {"runtime": 335}}