{"lossWall Rearing": 0.7225879430770874, "_timestamp": 1698031604.770575, "_runtime": 322.7419879436493, "_step": 8, "TruePositivesWall Rearing": 2103.0, "FalsePositivesWall Rearing": 12208.0, "TrueNegativesWall Rearing": 15890.0, "FalseNegativesWall Rearing": 2199.0, "AccuracyWall Rearing": 0.555339515209198, "PrecisionWall Rearing": 0.146949902176857, "RecallWall Rearing": 0.4888423979282379, "PRCWall Rearing": 0.15424130856990814, "_wandb": {"runtime": 321}}