{"lossGrooming": 0.3730987310409546, "_timestamp": 1697889009.470347, "_runtime": 329.4744689464569, "_step": 8, "TruePositivesGrooming": 74.0, "FalsePositivesGrooming": 1607.0, "TrueNegativesGrooming": 28486.0, "FalseNegativesGrooming": 2233.0, "AccuracyGrooming": 0.8814814686775208, "PrecisionGrooming": 0.04402141645550728, "RecallGrooming": 0.032076288014650345, "PRCGrooming": 0.05796867609024048, "_wandb": {"runtime": 328}}