{"lossGrooming": 0.9867331981658936, "_timestamp": 1698480952.7838569, "_runtime": 331.12430596351624, "_step": 8, "TruePositivesGrooming": 1233.0, "FalsePositivesGrooming": 17284.0, "TrueNegativesGrooming": 12809.0, "FalseNegativesGrooming": 1074.0, "AccuracyGrooming": 0.43339505791664124, "PrecisionGrooming": 0.06658746302127838, "RecallGrooming": 0.5344603657722473, "PRCGrooming": 0.06749497354030609, "_wandb": {"runtime": 330}}