{"lossWall Rearing": 0.6639076471328735, "_timestamp": 1697945162.979913, "_runtime": 327.4369010925293, "_step": 8, "TruePositivesWall Rearing": 1485.0, "FalsePositivesWall Rearing": 8689.0, "TrueNegativesWall Rearing": 19409.0, "FalseNegativesWall Rearing": 2817.0, "AccuracyWall Rearing": 0.6448765397071838, "PrecisionWall Rearing": 0.14596028625965118, "RecallWall Rearing": 0.34518828988075256, "PRCWall Rearing": 0.1484363079071045, "_wandb": {"runtime": 325}}