{"lossMid Rearing": 0.47967588901519775, "_timestamp": 1697942728.845092, "_runtime": 347.93928813934326, "_step": 8, "TruePositivesMid Rearing": 813.0, "FalsePositivesMid Rearing": 4101.0, "TrueNegativesMid Rearing": 24844.0, "FalseNegativesMid Rearing": 2642.0, "AccuracyMid Rearing": 0.7918826937675476, "PrecisionMid Rearing": 0.16544567048549652, "RecallMid Rearing": 0.23531115055084229, "PRCMid Rearing": 0.14520026743412018, "_wandb": {"runtime": 346}}