{"lossGrooming": 0.45216524600982666, "_timestamp": 1698085862.4917278, "_runtime": 348.99557185173035, "_step": 8, "TruePositivesGrooming": 156.0, "FalsePositivesGrooming": 3243.0, "TrueNegativesGrooming": 26850.0, "FalseNegativesGrooming": 2151.0, "AccuracyGrooming": 0.8335185050964355, "PrecisionGrooming": 0.04589585214853287, "RecallGrooming": 0.06762028485536575, "PRCGrooming": 0.05582565441727638, "_wandb": {"runtime": 348}}