{"lossWall Rearing": 0.6680881977081299, "_timestamp": 1697986361.199254, "_runtime": 320.6774790287018, "_step": 8, "TruePositivesWall Rearing": 1233.0, "FalsePositivesWall Rearing": 6856.0, "TrueNegativesWall Rearing": 21242.0, "FalseNegativesWall Rearing": 3069.0, "AccuracyWall Rearing": 0.6936728358268738, "PrecisionWall Rearing": 0.1524292230606079, "RecallWall Rearing": 0.286610871553421, "PRCWall Rearing": 0.1541682332754135, "_wandb": {"runtime": 319}}