{"lossGrooming": 0.5932278633117676, "_timestamp": 1698049585.4850109, "_runtime": 337.6662619113922, "_step": 8, "TruePositivesGrooming": 477.0, "FalsePositivesGrooming": 7678.0, "TrueNegativesGrooming": 22415.0, "FalseNegativesGrooming": 1830.0, "AccuracyGrooming": 0.7065432071685791, "PrecisionGrooming": 0.058491721749305725, "RecallGrooming": 0.20676203072071075, "PRCGrooming": 0.06754164397716522, "_wandb": {"runtime": 337}}