{"lossGrooming": 0.38321396708488464, "_timestamp": 1697956891.321461, "_runtime": 345.89245796203613, "_step": 8, "TruePositivesGrooming": 102.0, "FalsePositivesGrooming": 779.0, "TrueNegativesGrooming": 29314.0, "FalseNegativesGrooming": 2205.0, "AccuracyGrooming": 0.9079012274742126, "PrecisionGrooming": 0.11577752232551575, "RecallGrooming": 0.04421326518058777, "PRCGrooming": 0.06600899249315262, "_wandb": {"runtime": 345}}