{"loss": 0.4082002341747284, "_timestamp": 1697784859.697473, "_runtime": 322.6715660095215, "_step": 0, "_wandb": {"runtime": 321}}