{"lossGrooming": 0.3755704462528229, "_timestamp": 1697906357.4074721, "_runtime": 349.54362416267395, "_step": 8, "TruePositivesGrooming": 244.0, "FalsePositivesGrooming": 1500.0, "TrueNegativesGrooming": 28593.0, "FalseNegativesGrooming": 2063.0, "AccuracyGrooming": 0.8900308609008789, "PrecisionGrooming": 0.13990825414657593, "RecallGrooming": 0.10576505959033966, "PRCGrooming": 0.12505504488945007, "_wandb": {"runtime": 348}}