{"lossMid Rearing": 0.3909074664115906, "_timestamp": 1697961354.437876, "_runtime": 340.4367768764496, "_step": 8, "TruePositivesMid Rearing": 486.0, "FalsePositivesMid Rearing": 2073.0, "TrueNegativesMid Rearing": 26872.0, "FalseNegativesMid Rearing": 2969.0, "AccuracyMid Rearing": 0.8443827033042908, "PrecisionMid Rearing": 0.1899179369211197, "RecallMid Rearing": 0.1406656950712204, "PRCMid Rearing": 0.15928195416927338, "_wandb": {"runtime": 339}}