{"lossGrooming": 0.3645922839641571, "_timestamp": 1697996922.294577, "_runtime": 332.20741176605225, "_step": 8, "TruePositivesGrooming": 14.0, "FalsePositivesGrooming": 1171.0, "TrueNegativesGrooming": 28922.0, "FalseNegativesGrooming": 2293.0, "AccuracyGrooming": 0.8930864334106445, "PrecisionGrooming": 0.011814345605671406, "RecallGrooming": 0.00606848718598485, "PRCGrooming": 0.05658682435750961, "_wandb": {"runtime": 331}}