{"lossGrooming": 0.4353298842906952, "_timestamp": 1698058623.759423, "_runtime": 336.59353494644165, "_step": 8, "TruePositivesGrooming": 36.0, "FalsePositivesGrooming": 466.0, "TrueNegativesGrooming": 29627.0, "FalseNegativesGrooming": 2271.0, "AccuracyGrooming": 0.9155247211456299, "PrecisionGrooming": 0.0717131495475769, "RecallGrooming": 0.015604681335389614, "PRCGrooming": 0.07194818556308746, "_wandb": {"runtime": 335}}