{"lossGrooming": 0.384316086769104, "_timestamp": 1697914521.37284, "_runtime": 337.4802198410034, "_step": 8, "TruePositivesGrooming": 34.0, "FalsePositivesGrooming": 1249.0, "TrueNegativesGrooming": 28844.0, "FalseNegativesGrooming": 2273.0, "AccuracyGrooming": 0.8912962675094604, "PrecisionGrooming": 0.026500388979911804, "RecallGrooming": 0.014737755060195923, "PRCGrooming": 0.07435683161020279, "_wandb": {"runtime": 336}}