{"lossMid Rearing": 0.4597340226173401, "_timestamp": 1697982945.085988, "_runtime": 335.203125, "_step": 8, "TruePositivesMid Rearing": 582.0, "FalsePositivesMid Rearing": 2683.0, "TrueNegativesMid Rearing": 26262.0, "FalseNegativesMid Rearing": 2873.0, "AccuracyMid Rearing": 0.8285185098648071, "PrecisionMid Rearing": 0.17825421690940857, "RecallMid Rearing": 0.16845151782035828, "PRCMid Rearing": 0.14954246580600739, "_wandb": {"runtime": 333}}