{"loss": 0.894694983959198, "metrics": [1336.0, 15985.0, 14108.0, 971.0, 0.476666659116745, 0.07713180780410767, 0.5791070461273193, 0.08234268426895142], "_timestamp": 1697717726.7479308, "_runtime": 324.7401168346405, "_step": 0, "_wandb": {"runtime": 324}}