{"lossMid Rearing": 0.5874267816543579, "_timestamp": 1698004414.651584, "_runtime": 358.1921479701996, "_step": 8, "TruePositivesMid Rearing": 878.0, "FalsePositivesMid Rearing": 4511.0, "TrueNegativesMid Rearing": 24434.0, "FalseNegativesMid Rearing": 2577.0, "AccuracyMid Rearing": 0.7812345623970032, "PrecisionMid Rearing": 0.16292446851730347, "RecallMid Rearing": 0.2541244626045227, "PRCMid Rearing": 0.13083499670028687, "_wandb": {"runtime": 356}}