{"lossWall Rearing": 1.1055524349212646, "_timestamp": 1697961679.321339, "_runtime": 317.838937997818, "_step": 8, "TruePositivesWall Rearing": 3139.0, "FalsePositivesWall Rearing": 18615.0, "TrueNegativesWall Rearing": 9483.0, "FalseNegativesWall Rearing": 1163.0, "AccuracyWall Rearing": 0.38956791162490845, "PrecisionWall Rearing": 0.14429530501365662, "RecallWall Rearing": 0.7296606302261353, "PRCWall Rearing": 0.15008500218391418, "_wandb": {"runtime": 316}}