{"lossWall Rearing": 0.5367006659507751, "_timestamp": 1697960659.7248828, "_runtime": 325.8955018520355, "_step": 8, "TruePositivesWall Rearing": 530.0, "FalsePositivesWall Rearing": 3591.0, "TrueNegativesWall Rearing": 24507.0, "FalseNegativesWall Rearing": 3772.0, "AccuracyWall Rearing": 0.7727469205856323, "PrecisionWall Rearing": 0.1286095678806305, "RecallWall Rearing": 0.1231985092163086, "PRCWall Rearing": 0.1365157961845398, "_wandb": {"runtime": 324}}