{"lossMid Rearing": 0.5340042114257812, "_timestamp": 1697940672.80393, "_runtime": 353.5661680698395, "_step": 8, "TruePositivesMid Rearing": 828.0, "FalsePositivesMid Rearing": 4741.0, "TrueNegativesMid Rearing": 24204.0, "FalseNegativesMid Rearing": 2627.0, "AccuracyMid Rearing": 0.7725926041603088, "PrecisionMid Rearing": 0.1486801952123642, "RecallMid Rearing": 0.23965267837047577, "PRCMid Rearing": 0.12371538579463959, "_wandb": {"runtime": 352}}