{"lossMid Rearing": 0.49119630455970764, "_timestamp": 1697937550.753275, "_runtime": 347.03164887428284, "_step": 8, "TruePositivesMid Rearing": 678.0, "FalsePositivesMid Rearing": 3135.0, "TrueNegativesMid Rearing": 25810.0, "FalseNegativesMid Rearing": 2777.0, "AccuracyMid Rearing": 0.8175308704376221, "PrecisionMid Rearing": 0.17781274020671844, "RecallMid Rearing": 0.19623734056949615, "PRCMid Rearing": 0.14963407814502716, "_wandb": {"runtime": 344}}