{"lossGrooming": 0.45037296414375305, "_timestamp": 1698060361.5793228, "_runtime": 337.312784910202, "_step": 8, "TruePositivesGrooming": 294.0, "FalsePositivesGrooming": 2967.0, "TrueNegativesGrooming": 27126.0, "FalseNegativesGrooming": 2013.0, "AccuracyGrooming": 0.8462963104248047, "PrecisionGrooming": 0.09015639126300812, "RecallGrooming": 0.1274382323026657, "PRCGrooming": 0.06714899092912674, "_wandb": {"runtime": 336}}