{"loss": 0.41930410265922546, "_timestamp": 1697716173.019138, "_runtime": 325.9451951980591, "_step": 0, "_wandb": {"runtime": 325}}