{"lossWall Rearing": 0.6415297389030457, "_timestamp": 1697903952.47589, "_runtime": 325.1558690071106, "_step": 8, "TruePositivesWall Rearing": 1432.0, "FalsePositivesWall Rearing": 8977.0, "TrueNegativesWall Rearing": 19121.0, "FalseNegativesWall Rearing": 2870.0, "AccuracyWall Rearing": 0.6343518495559692, "PrecisionWall Rearing": 0.1375732570886612, "RecallWall Rearing": 0.33286842703819275, "PRCWall Rearing": 0.14911730587482452, "_wandb": {"runtime": 323}}