{"lossGrooming": 0.5009436011314392, "_timestamp": 1697890017.689804, "_runtime": 338.5435709953308, "_step": 8, "TruePositivesGrooming": 331.0, "FalsePositivesGrooming": 3162.0, "TrueNegativesGrooming": 26931.0, "FalseNegativesGrooming": 1976.0, "AccuracyGrooming": 0.8414197564125061, "PrecisionGrooming": 0.0947609469294548, "RecallGrooming": 0.14347638189792633, "PRCGrooming": 0.07513122260570526, "_wandb": {"runtime": 337}}