{"lossGrooming": 0.2941826283931732, "_timestamp": 1698003032.942626, "_runtime": 341.55479407310486, "_step": 8, "TruePositivesGrooming": 90.0, "FalsePositivesGrooming": 485.0, "TrueNegativesGrooming": 29608.0, "FalseNegativesGrooming": 2217.0, "AccuracyGrooming": 0.9166049361228943, "PrecisionGrooming": 0.156521737575531, "RecallGrooming": 0.03901170194149017, "PRCGrooming": 0.08021789789199829, "_wandb": {"runtime": 340}}