{"lossWall Rearing": 0.6191141605377197, "_timestamp": 1697991487.884598, "_runtime": 325.03889203071594, "_step": 8, "TruePositivesWall Rearing": 1212.0, "FalsePositivesWall Rearing": 7420.0, "TrueNegativesWall Rearing": 20678.0, "FalseNegativesWall Rearing": 3090.0, "AccuracyWall Rearing": 0.6756172776222229, "PrecisionWall Rearing": 0.14040778577327728, "RecallWall Rearing": 0.28172942996025085, "PRCWall Rearing": 0.13666954636573792, "_wandb": {"runtime": 321}}