{"lossGrooming": 0.4646410346031189, "_timestamp": 1698068085.482956, "_runtime": 338.191752910614, "_step": 8, "TruePositivesGrooming": 174.0, "FalsePositivesGrooming": 3160.0, "TrueNegativesGrooming": 26933.0, "FalseNegativesGrooming": 2133.0, "AccuracyGrooming": 0.8366358280181885, "PrecisionGrooming": 0.05218956246972084, "RecallGrooming": 0.07542262971401215, "PRCGrooming": 0.06730432063341141, "_wandb": {"runtime": 337}}