{"lossGrooming": 0.7335880994796753, "_timestamp": 1698071559.4795651, "_runtime": 327.9106402397156, "_step": 8, "TruePositivesGrooming": 569.0, "FalsePositivesGrooming": 9927.0, "TrueNegativesGrooming": 20166.0, "FalseNegativesGrooming": 1738.0, "AccuracyGrooming": 0.6399691104888916, "PrecisionGrooming": 0.05421112850308418, "RecallGrooming": 0.2466406524181366, "PRCGrooming": 0.061465971171855927, "_wandb": {"runtime": 327}}