{"lossMid Rearing": 0.5427363514900208, "_timestamp": 1698011745.066588, "_runtime": 355.4143669605255, "_step": 8, "TruePositivesMid Rearing": 822.0, "FalsePositivesMid Rearing": 4594.0, "TrueNegativesMid Rearing": 24351.0, "FalseNegativesMid Rearing": 2633.0, "AccuracyMid Rearing": 0.7769444584846497, "PrecisionMid Rearing": 0.15177252888679504, "RecallMid Rearing": 0.23791606724262238, "PRCMid Rearing": 0.1390191912651062, "_wandb": {"runtime": 353}}