{"lossGrooming": 0.7536608576774597, "_timestamp": 1698012427.507593, "_runtime": 335.9904799461365, "_step": 8, "TruePositivesGrooming": 908.0, "FalsePositivesGrooming": 9418.0, "TrueNegativesGrooming": 20675.0, "FalseNegativesGrooming": 1399.0, "AccuracyGrooming": 0.6661419868469238, "PrecisionGrooming": 0.08793336898088455, "RecallGrooming": 0.3935847282409668, "PRCGrooming": 0.1050589382648468, "_wandb": {"runtime": 335}}