{"lossMid Rearing": 0.5458937883377075, "_timestamp": 1697933436.459064, "_runtime": 344.9882609844208, "_step": 8, "TruePositivesMid Rearing": 1179.0, "FalsePositivesMid Rearing": 6270.0, "TrueNegativesMid Rearing": 22675.0, "FalseNegativesMid Rearing": 2276.0, "AccuracyMid Rearing": 0.7362345457077026, "PrecisionMid Rearing": 0.1582762748003006, "RecallMid Rearing": 0.34124457836151123, "PRCMid Rearing": 0.14221759140491486, "_wandb": {"runtime": 342}}