{"lossGrooming": 0.4703218638896942, "_timestamp": 1698070877.5592692, "_runtime": 341.71137022972107, "_step": 8, "TruePositivesGrooming": 621.0, "FalsePositivesGrooming": 3713.0, "TrueNegativesGrooming": 26380.0, "FalseNegativesGrooming": 1686.0, "AccuracyGrooming": 0.8333641886711121, "PrecisionGrooming": 0.14328564703464508, "RecallGrooming": 0.2691807448863983, "PRCGrooming": 0.139394149184227, "_wandb": {"runtime": 340}}