{"lossGrooming": 0.3418044447898865, "_timestamp": 1698064961.9378922, "_runtime": 349.1428391933441, "_step": 8, "TruePositivesGrooming": 133.0, "FalsePositivesGrooming": 1330.0, "TrueNegativesGrooming": 28763.0, "FalseNegativesGrooming": 2174.0, "AccuracyGrooming": 0.8918518424034119, "PrecisionGrooming": 0.09090909361839294, "RecallGrooming": 0.05765062943100929, "PRCGrooming": 0.09192003309726715, "_wandb": {"runtime": 348}}