{"lossGrooming": 0.8759911060333252, "_timestamp": 1698087933.36966, "_runtime": 325.8740978240967, "_step": 8, "TruePositivesGrooming": 1686.0, "FalsePositivesGrooming": 14701.0, "TrueNegativesGrooming": 15392.0, "FalseNegativesGrooming": 621.0, "AccuracyGrooming": 0.5270987749099731, "PrecisionGrooming": 0.10288643091917038, "RecallGrooming": 0.7308192253112793, "PRCGrooming": 0.10256679356098175, "_wandb": {"runtime": 325}}