{"lossMid Rearing": 0.5721268653869629, "_timestamp": 1697944828.932232, "_runtime": 367.75587582588196, "_step": 8, "TruePositivesMid Rearing": 778.0, "FalsePositivesMid Rearing": 4557.0, "TrueNegativesMid Rearing": 24388.0, "FalseNegativesMid Rearing": 2677.0, "AccuracyMid Rearing": 0.7767283916473389, "PrecisionMid Rearing": 0.14582942426204681, "RecallMid Rearing": 0.22518089413642883, "PRCMid Rearing": 0.13079869747161865, "_wandb": {"runtime": 366}}