{"lossWall Rearing": 0.5570891499519348, "_timestamp": 1697889665.138389, "_runtime": 315.00430703163147, "_step": 8, "TruePositivesWall Rearing": 603.0, "FalsePositivesWall Rearing": 3686.0, "TrueNegativesWall Rearing": 24412.0, "FalseNegativesWall Rearing": 3699.0, "AccuracyWall Rearing": 0.7720679044723511, "PrecisionWall Rearing": 0.14059221744537354, "RecallWall Rearing": 0.14016737043857574, "PRCWall Rearing": 0.1398465633392334, "_wandb": {"runtime": 313}}