{"lossMid Rearing": 0.5207359790802002, "_timestamp": 1697995230.449752, "_runtime": 329.97224020957947, "_step": 8, "TruePositivesMid Rearing": 1047.0, "FalsePositivesMid Rearing": 5563.0, "TrueNegativesMid Rearing": 23382.0, "FalseNegativesMid Rearing": 2408.0, "AccuracyMid Rearing": 0.7539814710617065, "PrecisionMid Rearing": 0.15839636325836182, "RecallMid Rearing": 0.3030390739440918, "PRCMid Rearing": 0.14900657534599304, "_wandb": {"runtime": 328}}