{"lossGrooming": 0.4562881588935852, "_timestamp": 1698087595.555288, "_runtime": 335.99831318855286, "_step": 8, "TruePositivesGrooming": 285.0, "FalsePositivesGrooming": 2106.0, "TrueNegativesGrooming": 27987.0, "FalseNegativesGrooming": 2022.0, "AccuracyGrooming": 0.872592568397522, "PrecisionGrooming": 0.11919698864221573, "RecallGrooming": 0.12353706359863281, "PRCGrooming": 0.09206071496009827, "_wandb": {"runtime": 335}}