{"lossGrooming": 0.33561134338378906, "_timestamp": 1697975333.22543, "_runtime": 341.9846820831299, "_step": 8, "TruePositivesGrooming": 36.0, "FalsePositivesGrooming": 588.0, "TrueNegativesGrooming": 29505.0, "FalseNegativesGrooming": 2271.0, "AccuracyGrooming": 0.9117592573165894, "PrecisionGrooming": 0.057692307978868484, "RecallGrooming": 0.015604681335389614, "PRCGrooming": 0.05750482901930809, "_wandb": {"runtime": 341}}