{"lossMid Rearing": 0.5252896547317505, "_timestamp": 1698020007.224262, "_runtime": 363.88780093193054, "_step": 8, "TruePositivesMid Rearing": 783.0, "FalsePositivesMid Rearing": 3700.0, "TrueNegativesMid Rearing": 25245.0, "FalseNegativesMid Rearing": 2672.0, "AccuracyMid Rearing": 0.8033333420753479, "PrecisionMid Rearing": 0.1746598333120346, "RecallMid Rearing": 0.22662808001041412, "PRCMid Rearing": 0.13670486211776733, "_wandb": {"runtime": 362}}