{"lossWall Rearing": 0.6504374742507935, "_timestamp": 1698011029.681369, "_runtime": 318.0672981739044, "_step": 8, "TruePositivesWall Rearing": 1798.0, "FalsePositivesWall Rearing": 9218.0, "TrueNegativesWall Rearing": 18880.0, "FalseNegativesWall Rearing": 2504.0, "AccuracyWall Rearing": 0.638209879398346, "PrecisionWall Rearing": 0.16321714222431183, "RecallWall Rearing": 0.41794514656066895, "PRCWall Rearing": 0.17172250151634216, "_wandb": {"runtime": 316}}