{"lossGrooming": 0.5113914608955383, "_timestamp": 1698060005.601948, "_runtime": 333.9450879096985, "_step": 8, "TruePositivesGrooming": 45.0, "FalsePositivesGrooming": 3708.0, "TrueNegativesGrooming": 26385.0, "FalseNegativesGrooming": 2262.0, "AccuracyGrooming": 0.8157407641410828, "PrecisionGrooming": 0.011990407481789589, "RecallGrooming": 0.019505850970745087, "PRCGrooming": 0.056046850979328156, "_wandb": {"runtime": 333}}