{"lossGrooming": 0.6891398429870605, "_timestamp": 1697958937.187135, "_runtime": 338.6660349369049, "_step": 8, "TruePositivesGrooming": 803.0, "FalsePositivesGrooming": 8258.0, "TrueNegativesGrooming": 21835.0, "FalseNegativesGrooming": 1504.0, "AccuracyGrooming": 0.6987037062644958, "PrecisionGrooming": 0.08862156420946121, "RecallGrooming": 0.3480710983276367, "PRCGrooming": 0.09618784487247467, "_wandb": {"runtime": 338}}