{"lossMid Rearing": 0.47690239548683167, "_timestamp": 1697993208.388999, "_runtime": 341.9612600803375, "_step": 8, "TruePositivesMid Rearing": 597.0, "FalsePositivesMid Rearing": 3460.0, "TrueNegativesMid Rearing": 25485.0, "FalseNegativesMid Rearing": 2858.0, "AccuracyMid Rearing": 0.8050000071525574, "PrecisionMid Rearing": 0.1471530646085739, "RecallMid Rearing": 0.17279306054115295, "PRCMid Rearing": 0.13812130689620972, "_wandb": {"runtime": 340}}