{"lossGrooming": 0.6448531746864319, "_timestamp": 1698084442.808023, "_runtime": 326.8266439437866, "_step": 8, "TruePositivesGrooming": 560.0, "FalsePositivesGrooming": 6395.0, "TrueNegativesGrooming": 23698.0, "FalseNegativesGrooming": 1747.0, "AccuracyGrooming": 0.7487037181854248, "PrecisionGrooming": 0.08051761239767075, "RecallGrooming": 0.2427394837141037, "PRCGrooming": 0.09933033585548401, "_wandb": {"runtime": 326}}