{"lossMid Rearing": 0.41664978861808777, "_timestamp": 1697950026.253332, "_runtime": 334.0958819389343, "_step": 8, "TruePositivesMid Rearing": 586.0, "FalsePositivesMid Rearing": 2265.0, "TrueNegativesMid Rearing": 26680.0, "FalseNegativesMid Rearing": 2869.0, "AccuracyMid Rearing": 0.8415431976318359, "PrecisionMid Rearing": 0.20554190874099731, "RecallMid Rearing": 0.16960926353931427, "PRCMid Rearing": 0.1621515452861786, "_wandb": {"runtime": 332}}