{"lossGrooming": 0.5890761017799377, "_timestamp": 1698039129.671275, "_runtime": 335.0346028804779, "_step": 8, "TruePositivesGrooming": 672.0, "FalsePositivesGrooming": 7089.0, "TrueNegativesGrooming": 23004.0, "FalseNegativesGrooming": 1635.0, "AccuracyGrooming": 0.7307407259941101, "PrecisionGrooming": 0.08658678084611893, "RecallGrooming": 0.2912873923778534, "PRCGrooming": 0.07671570777893066, "_wandb": {"runtime": 334}}