{"lossMid Rearing": 0.4600033462047577, "_timestamp": 1697935497.700578, "_runtime": 359.05363607406616, "_step": 8, "TruePositivesMid Rearing": 700.0, "FalsePositivesMid Rearing": 2893.0, "TrueNegativesMid Rearing": 26052.0, "FalseNegativesMid Rearing": 2755.0, "AccuracyMid Rearing": 0.8256790041923523, "PrecisionMid Rearing": 0.1948232650756836, "RecallMid Rearing": 0.20260491967201233, "PRCMid Rearing": 0.15115153789520264, "_wandb": {"runtime": 358}}