{"Behaviour": "Grooming", "_timestamp": 1697883060.003178, "_runtime": 335.6759309768677, "_step": 9, "loss": 1.2612038850784302, "TruePositives": 1818.0, "FalsePositives": 17478.0, "TrueNegatives": 12615.0, "FalseNegatives": 489.0, "Accuracy": 0.4454629719257355, "Precision": 0.09421642124652863, "Recall": 0.7880364060401917, "PRC": 0.13873645663261414, "_wandb": {"runtime": 333}}