{"lossGrooming": 0.606472373008728, "_timestamp": 1698059315.207663, "_runtime": 327.1030020713806, "_step": 8, "TruePositivesGrooming": 658.0, "FalsePositivesGrooming": 6775.0, "TrueNegativesGrooming": 23318.0, "FalseNegativesGrooming": 1649.0, "AccuracyGrooming": 0.7400000095367432, "PrecisionGrooming": 0.08852414786815643, "RecallGrooming": 0.28521889448165894, "PRCGrooming": 0.1344379484653473, "_wandb": {"runtime": 326}}