{"lossMid Rearing": 0.794236421585083, "_timestamp": 1697925224.0870578, "_runtime": 366.3735089302063, "_step": 8, "TruePositivesMid Rearing": 1508.0, "FalsePositivesMid Rearing": 9490.0, "TrueNegativesMid Rearing": 19455.0, "FalseNegativesMid Rearing": 1947.0, "AccuracyMid Rearing": 0.6470061540603638, "PrecisionMid Rearing": 0.13711583614349365, "RecallMid Rearing": 0.4364688992500305, "PRCMid Rearing": 0.135696679353714, "_wandb": {"runtime": 364}}