{"lossMid Rearing": 0.5229136347770691, "_timestamp": 1698015890.855412, "_runtime": 334.5733549594879, "_step": 8, "TruePositivesMid Rearing": 799.0, "FalsePositivesMid Rearing": 2988.0, "TrueNegativesMid Rearing": 25957.0, "FalseNegativesMid Rearing": 2656.0, "AccuracyMid Rearing": 0.8258024454116821, "PrecisionMid Rearing": 0.2109849452972412, "RecallMid Rearing": 0.2312590479850769, "PRCMid Rearing": 0.15673516690731049, "_wandb": {"runtime": 333}}