{"lossWall Rearing": 0.6344692707061768, "_timestamp": 1697984305.965525, "_runtime": 323.4388108253479, "_step": 8, "TruePositivesWall Rearing": 1226.0, "FalsePositivesWall Rearing": 8163.0, "TrueNegativesWall Rearing": 19935.0, "FalseNegativesWall Rearing": 3076.0, "AccuracyWall Rearing": 0.653117299079895, "PrecisionWall Rearing": 0.13057833909988403, "RecallWall Rearing": 0.28498372435569763, "PRCWall Rearing": 0.1370534747838974, "_wandb": {"runtime": 321}}