{"lossGrooming": 0.7226971983909607, "_timestamp": 1698036055.095584, "_runtime": 342.3857548236847, "_step": 8, "TruePositivesGrooming": 850.0, "FalsePositivesGrooming": 9023.0, "TrueNegativesGrooming": 21070.0, "FalseNegativesGrooming": 1457.0, "AccuracyGrooming": 0.6765432357788086, "PrecisionGrooming": 0.08609338849782944, "RecallGrooming": 0.36844387650489807, "PRCGrooming": 0.09142833948135376, "_wandb": {"runtime": 341}}