{"lossGrooming": 0.4377881586551666, "_timestamp": 1698004051.3429902, "_runtime": 340.1700031757355, "_step": 8, "TruePositivesGrooming": 134.0, "FalsePositivesGrooming": 2996.0, "TrueNegativesGrooming": 27097.0, "FalseNegativesGrooming": 2173.0, "AccuracyGrooming": 0.8404629826545715, "PrecisionGrooming": 0.042811501771211624, "RecallGrooming": 0.058084093034267426, "PRCGrooming": 0.05689287930727005, "_wandb": {"runtime": 339}}