{"lossMid Rearing": 0.44419363141059875, "_timestamp": 1697915886.788437, "_runtime": 335.3358597755432, "_step": 8, "TruePositivesMid Rearing": 632.0, "FalsePositivesMid Rearing": 2368.0, "TrueNegativesMid Rearing": 26577.0, "FalseNegativesMid Rearing": 2823.0, "AccuracyMid Rearing": 0.8397839665412903, "PrecisionMid Rearing": 0.21066667139530182, "RecallMid Rearing": 0.1829233020544052, "PRCMid Rearing": 0.15291574597358704, "_wandb": {"runtime": 333}}