{"lossGrooming": 0.6231305003166199, "_timestamp": 1698083410.4728372, "_runtime": 325.3177011013031, "_step": 8, "TruePositivesGrooming": 512.0, "FalsePositivesGrooming": 5948.0, "TrueNegativesGrooming": 24145.0, "FalseNegativesGrooming": 1795.0, "AccuracyGrooming": 0.7610185146331787, "PrecisionGrooming": 0.07925696671009064, "RecallGrooming": 0.2219332456588745, "PRCGrooming": 0.09339043498039246, "_wandb": {"runtime": 324}}