{"lossWall Rearing": 0.48579922318458557, "_timestamp": 1697999629.14717, "_runtime": 312.66674518585205, "_step": 8, "TruePositivesWall Rearing": 650.0, "FalsePositivesWall Rearing": 3183.0, "TrueNegativesWall Rearing": 24915.0, "FalseNegativesWall Rearing": 3652.0, "AccuracyWall Rearing": 0.7890431880950928, "PrecisionWall Rearing": 0.16957996785640717, "RecallWall Rearing": 0.1510925143957138, "PRCWall Rearing": 0.15929651260375977, "_wandb": {"runtime": 311}}