{"lossGrooming": 1.0619860887527466, "_timestamp": 1698092505.071606, "_runtime": 354.2337658405304, "_step": 8, "TruePositivesGrooming": 1464.0, "FalsePositivesGrooming": 19728.0, "TrueNegativesGrooming": 10365.0, "FalseNegativesGrooming": 843.0, "AccuracyGrooming": 0.36509260535240173, "PrecisionGrooming": 0.06908266991376877, "RecallGrooming": 0.6345903873443604, "PRCGrooming": 0.09205843508243561, "_wandb": {"runtime": 353}}