{"lossMid Rearing": 0.40292221307754517, "_timestamp": 1697951057.588379, "_runtime": 348.7125298976898, "_step": 8, "TruePositivesMid Rearing": 135.0, "FalsePositivesMid Rearing": 674.0, "TrueNegativesMid Rearing": 28271.0, "FalseNegativesMid Rearing": 3320.0, "AccuracyMid Rearing": 0.8767284154891968, "PrecisionMid Rearing": 0.16687268018722534, "RecallMid Rearing": 0.03907380625605583, "PRCMid Rearing": 0.13666276633739471, "_wandb": {"runtime": 347}}