{"lossWall Rearing": 0.598669707775116, "_timestamp": 1697927595.545753, "_runtime": 320.8798859119415, "_step": 8, "TruePositivesWall Rearing": 1052.0, "FalsePositivesWall Rearing": 5976.0, "TrueNegativesWall Rearing": 22122.0, "FalseNegativesWall Rearing": 3250.0, "AccuracyWall Rearing": 0.7152469158172607, "PrecisionWall Rearing": 0.14968696236610413, "RecallWall Rearing": 0.24453742802143097, "PRCWall Rearing": 0.15408852696418762, "_wandb": {"runtime": 319}}