{"lossGrooming": 0.7729243636131287, "_timestamp": 1698081342.660726, "_runtime": 346.592148065567, "_step": 8, "TruePositivesGrooming": 810.0, "FalsePositivesGrooming": 11059.0, "TrueNegativesGrooming": 19034.0, "FalseNegativesGrooming": 1497.0, "AccuracyGrooming": 0.6124691367149353, "PrecisionGrooming": 0.06824500858783722, "RecallGrooming": 0.35110533237457275, "PRCGrooming": 0.07287482917308807, "_wandb": {"runtime": 345}}