{"lossGrooming": 0.5104312896728516, "_timestamp": 1698048887.5425081, "_runtime": 333.1050832271576, "_step": 8, "TruePositivesGrooming": 440.0, "FalsePositivesGrooming": 5029.0, "TrueNegativesGrooming": 25064.0, "FalseNegativesGrooming": 1867.0, "AccuracyGrooming": 0.7871605157852173, "PrecisionGrooming": 0.08045346289873123, "RecallGrooming": 0.19072388112545013, "PRCGrooming": 0.0868283212184906, "_wandb": {"runtime": 332}}