{"lossWall Rearing": 0.5763233304023743, "_timestamp": 1698040805.4213362, "_runtime": 322.3025732040405, "_step": 8, "TruePositivesWall Rearing": 1212.0, "FalsePositivesWall Rearing": 6616.0, "TrueNegativesWall Rearing": 21482.0, "FalseNegativesWall Rearing": 3090.0, "AccuracyWall Rearing": 0.7004321217536926, "PrecisionWall Rearing": 0.15482881665229797, "RecallWall Rearing": 0.28172942996025085, "PRCWall Rearing": 0.1593768298625946, "_wandb": {"runtime": 320}}