{"lossMid Rearing": 0.4962857961654663, "_timestamp": 1697997269.914546, "_runtime": 340.9465811252594, "_step": 8, "TruePositivesMid Rearing": 730.0, "FalsePositivesMid Rearing": 3830.0, "TrueNegativesMid Rearing": 25115.0, "FalseNegativesMid Rearing": 2725.0, "AccuracyMid Rearing": 0.7976852059364319, "PrecisionMid Rearing": 0.1600877195596695, "RecallMid Rearing": 0.2112879902124405, "PRCMid Rearing": 0.1399342119693756, "_wandb": {"runtime": 339}}