{"lossMid Rearing": 0.4490314722061157, "_timestamp": 1697954152.854787, "_runtime": 365.85783219337463, "_step": 8, "TruePositivesMid Rearing": 219.0, "FalsePositivesMid Rearing": 1159.0, "TrueNegativesMid Rearing": 27786.0, "FalseNegativesMid Rearing": 3236.0, "AccuracyMid Rearing": 0.8643518686294556, "PrecisionMid Rearing": 0.15892598032951355, "RecallMid Rearing": 0.06338639557361603, "PRCMid Rearing": 0.1312166303396225, "_wandb": {"runtime": 364}}