{"lossMid Rearing": 0.4817105829715729, "_timestamp": 1697920055.956544, "_runtime": 345.36016297340393, "_step": 8, "TruePositivesMid Rearing": 499.0, "FalsePositivesMid Rearing": 1957.0, "TrueNegativesMid Rearing": 26988.0, "FalseNegativesMid Rearing": 2956.0, "AccuracyMid Rearing": 0.8483641743659973, "PrecisionMid Rearing": 0.20317590236663818, "RecallMid Rearing": 0.14442835748195648, "PRCMid Rearing": 0.14487221837043762, "_wandb": {"runtime": 343}}