{"lossGrooming": 0.37729376554489136, "_timestamp": 1697911442.699863, "_runtime": 330.4466109275818, "_step": 8, "TruePositivesGrooming": 308.0, "FalsePositivesGrooming": 2102.0, "TrueNegativesGrooming": 27991.0, "FalseNegativesGrooming": 1999.0, "AccuracyGrooming": 0.8734259009361267, "PrecisionGrooming": 0.1278008371591568, "RecallGrooming": 0.13350671529769897, "PRCGrooming": 0.10526929795742035, "_wandb": {"runtime": 329}}