{"lossGrooming": 0.49521899223327637, "_timestamp": 1698091772.2291431, "_runtime": 331.59634804725647, "_step": 8, "TruePositivesGrooming": 444.0, "FalsePositivesGrooming": 4099.0, "TrueNegativesGrooming": 25994.0, "FalseNegativesGrooming": 1863.0, "AccuracyGrooming": 0.8159876465797424, "PrecisionGrooming": 0.097732774913311, "RecallGrooming": 0.19245773553848267, "PRCGrooming": 0.08886836469173431, "_wandb": {"runtime": 330}}