{"lossGrooming": 0.6934646964073181, "_timestamp": 1697966138.259199, "_runtime": 340.68020701408386, "_step": 8, "TruePositivesGrooming": 794.0, "FalsePositivesGrooming": 8642.0, "TrueNegativesGrooming": 21451.0, "FalseNegativesGrooming": 1513.0, "AccuracyGrooming": 0.6865741014480591, "PrecisionGrooming": 0.08414582163095474, "RecallGrooming": 0.3441699147224426, "PRCGrooming": 0.12106221169233322, "_wandb": {"runtime": 340}}