{"lossWall Rearing": 0.6793567538261414, "_timestamp": 1698000635.583215, "_runtime": 314.32253789901733, "_step": 8, "TruePositivesWall Rearing": 1467.0, "FalsePositivesWall Rearing": 8294.0, "TrueNegativesWall Rearing": 19804.0, "FalseNegativesWall Rearing": 2835.0, "AccuracyWall Rearing": 0.6565123200416565, "PrecisionWall Rearing": 0.15029197931289673, "RecallWall Rearing": 0.3410041928291321, "PRCWall Rearing": 0.15532082319259644, "_wandb": {"runtime": 312}}