{"lossGrooming": 0.6430122256278992, "_timestamp": 1697894090.068929, "_runtime": 347.46829104423523, "_step": 8, "TruePositivesGrooming": 470.0, "FalsePositivesGrooming": 9038.0, "TrueNegativesGrooming": 21055.0, "FalseNegativesGrooming": 1837.0, "AccuracyGrooming": 0.6643518805503845, "PrecisionGrooming": 0.04943205788731575, "RecallGrooming": 0.20372778177261353, "PRCGrooming": 0.06977212429046631, "_wandb": {"runtime": 346}}