{"lossGrooming": 0.5475485324859619, "_timestamp": 1697982604.056204, "_runtime": 341.04799008369446, "_step": 8, "TruePositivesGrooming": 465.0, "FalsePositivesGrooming": 5411.0, "TrueNegativesGrooming": 24682.0, "FalseNegativesGrooming": 1842.0, "AccuracyGrooming": 0.7761420011520386, "PrecisionGrooming": 0.079135462641716, "RecallGrooming": 0.20156046748161316, "PRCGrooming": 0.07882736623287201, "_wandb": {"runtime": 340}}