{"lossGrooming": 0.4100824296474457, "_timestamp": 1698060715.20414, "_runtime": 337.79274702072144, "_step": 8, "TruePositivesGrooming": 254.0, "FalsePositivesGrooming": 2352.0, "TrueNegativesGrooming": 27741.0, "FalseNegativesGrooming": 2053.0, "AccuracyGrooming": 0.8640432357788086, "PrecisionGrooming": 0.09746738523244858, "RecallGrooming": 0.11009969562292099, "PRCGrooming": 0.09579312801361084, "_wandb": {"runtime": 337}}