{"lossMid Rearing": 0.580475389957428, "_timestamp": 1697941702.245753, "_runtime": 355.88650393486023, "_step": 8, "TruePositivesMid Rearing": 605.0, "FalsePositivesMid Rearing": 3538.0, "TrueNegativesMid Rearing": 25407.0, "FalseNegativesMid Rearing": 2850.0, "AccuracyMid Rearing": 0.8028395175933838, "PrecisionMid Rearing": 0.14602944254875183, "RecallMid Rearing": 0.17510853707790375, "PRCMid Rearing": 0.12289877235889435, "_wandb": {"runtime": 354}}