{"lossGrooming": 0.6407384276390076, "_timestamp": 1697925911.751461, "_runtime": 343.8940529823303, "_step": 8, "TruePositivesGrooming": 416.0, "FalsePositivesGrooming": 5881.0, "TrueNegativesGrooming": 24212.0, "FalseNegativesGrooming": 1891.0, "AccuracyGrooming": 0.7601234316825867, "PrecisionGrooming": 0.06606320291757584, "RecallGrooming": 0.18032076954841614, "PRCGrooming": 0.060731351375579834, "_wandb": {"runtime": 343}}