{"lossWall Rearing": 0.5446534752845764, "_timestamp": 1697894778.6282618, "_runtime": 329.58518385887146, "_step": 8, "TruePositivesWall Rearing": 430.0, "FalsePositivesWall Rearing": 3174.0, "TrueNegativesWall Rearing": 24924.0, "FalseNegativesWall Rearing": 3872.0, "AccuracyWall Rearing": 0.7825308442115784, "PrecisionWall Rearing": 0.1193118765950203, "RecallWall Rearing": 0.09995350986719131, "PRCWall Rearing": 0.1353577971458435, "_wandb": {"runtime": 328}}