{"lossGrooming": 0.42956268787384033, "_timestamp": 1698480265.0478342, "_runtime": 327.0174832344055, "_step": 8, "TruePositivesGrooming": 133.0, "FalsePositivesGrooming": 1943.0, "TrueNegativesGrooming": 28150.0, "FalseNegativesGrooming": 2174.0, "AccuracyGrooming": 0.8729320764541626, "PrecisionGrooming": 0.06406550854444504, "RecallGrooming": 0.05765062943100929, "PRCGrooming": 0.06341267377138138, "_wandb": {"runtime": 326}}