{"lossWall Rearing": 0.6636767983436584, "_timestamp": 1698015200.839046, "_runtime": 318.5447859764099, "_step": 8, "TruePositivesWall Rearing": 1479.0, "FalsePositivesWall Rearing": 6549.0, "TrueNegativesWall Rearing": 21549.0, "FalseNegativesWall Rearing": 2823.0, "AccuracyWall Rearing": 0.7107407450675964, "PrecisionWall Rearing": 0.18423019349575043, "RecallWall Rearing": 0.3437935709953308, "PRCWall Rearing": 0.17380191385746002, "_wandb": {"runtime": 316}}