{"lossGrooming": 0.45529839396476746, "_timestamp": 1698069112.25851, "_runtime": 332.2539131641388, "_step": 8, "TruePositivesGrooming": 235.0, "FalsePositivesGrooming": 2851.0, "TrueNegativesGrooming": 27242.0, "FalseNegativesGrooming": 2072.0, "AccuracyGrooming": 0.8480555415153503, "PrecisionGrooming": 0.07615035772323608, "RecallGrooming": 0.10186389088630676, "PRCGrooming": 0.06983830034732819, "_wandb": {"runtime": 331}}