{"lossGrooming": 0.4768790602684021, "_timestamp": 1698055515.941389, "_runtime": 325.1913261413574, "_step": 8, "TruePositivesGrooming": 332.0, "FalsePositivesGrooming": 3053.0, "TrueNegativesGrooming": 27040.0, "FalseNegativesGrooming": 1975.0, "AccuracyGrooming": 0.8448148369789124, "PrecisionGrooming": 0.09807976335287094, "RecallGrooming": 0.14390984177589417, "PRCGrooming": 0.07877743989229202, "_wandb": {"runtime": 324}}