{"lossWall Rearing": 0.5998514890670776, "_timestamp": 1698041857.620715, "_runtime": 323.2403600215912, "_step": 8, "TruePositivesWall Rearing": 643.0, "FalsePositivesWall Rearing": 3642.0, "TrueNegativesWall Rearing": 24456.0, "FalseNegativesWall Rearing": 3659.0, "AccuracyWall Rearing": 0.7746604681015015, "PrecisionWall Rearing": 0.1500583440065384, "RecallWall Rearing": 0.14946536719799042, "PRCWall Rearing": 0.14887386560440063, "_wandb": {"runtime": 321}}