{"lossGrooming": 0.6377697587013245, "_timestamp": 1698492114.7785459, "_runtime": 328.93866777420044, "_step": 8, "TruePositivesGrooming": 691.0, "FalsePositivesGrooming": 8214.0, "TrueNegativesGrooming": 21879.0, "FalseNegativesGrooming": 1616.0, "AccuracyGrooming": 0.6966049671173096, "PrecisionGrooming": 0.07759685814380646, "RecallGrooming": 0.2995232045650482, "PRCGrooming": 0.07778527587652206, "_wandb": {"runtime": 328}}