{"lossGrooming": 0.8474216461181641, "_timestamp": 1698051682.866726, "_runtime": 340.8825650215149, "_step": 8, "TruePositivesGrooming": 926.0, "FalsePositivesGrooming": 12609.0, "TrueNegativesGrooming": 17484.0, "FalseNegativesGrooming": 1381.0, "AccuracyGrooming": 0.5682098865509033, "PrecisionGrooming": 0.06841521710157394, "RecallGrooming": 0.401387095451355, "PRCGrooming": 0.0756508857011795, "_wandb": {"runtime": 340}}