{"lossMid Rearing": 0.4984298348426819, "_timestamp": 1697914868.711964, "_runtime": 340.67683577537537, "_step": 8, "TruePositivesMid Rearing": 796.0, "FalsePositivesMid Rearing": 3322.0, "TrueNegativesMid Rearing": 25623.0, "FalseNegativesMid Rearing": 2659.0, "AccuracyMid Rearing": 0.8154012560844421, "PrecisionMid Rearing": 0.19329771399497986, "RecallMid Rearing": 0.2303907424211502, "PRCMid Rearing": 0.16381901502609253, "_wandb": {"runtime": 339}}