{"lossWall Rearing": 0.7023139595985413, "_timestamp": 1697974975.3493912, "_runtime": 323.2920091152191, "_step": 8, "TruePositivesWall Rearing": 1779.0, "FalsePositivesWall Rearing": 9854.0, "TrueNegativesWall Rearing": 18244.0, "FalseNegativesWall Rearing": 2523.0, "AccuracyWall Rearing": 0.6179938316345215, "PrecisionWall Rearing": 0.15292701125144958, "RecallWall Rearing": 0.41352859139442444, "PRCWall Rearing": 0.1605871617794037, "_wandb": {"runtime": 321}}