{"lossWall Rearing": 0.7044581770896912, "_timestamp": 1698004744.3961148, "_runtime": 324.2889919281006, "_step": 8, "TruePositivesWall Rearing": 2711.0, "FalsePositivesWall Rearing": 13908.0, "TrueNegativesWall Rearing": 14190.0, "FalseNegativesWall Rearing": 1591.0, "AccuracyWall Rearing": 0.5216358304023743, "PrecisionWall Rearing": 0.16312654316425323, "RecallWall Rearing": 0.6301720142364502, "PRCWall Rearing": 0.1794394552707672, "_wandb": {"runtime": 322}}