{"lossGrooming": 0.5755538940429688, "_timestamp": 1698090728.3797162, "_runtime": 332.9985730648041, "_step": 8, "TruePositivesGrooming": 275.0, "FalsePositivesGrooming": 5794.0, "TrueNegativesGrooming": 24299.0, "FalseNegativesGrooming": 2032.0, "AccuracyGrooming": 0.7584567666053772, "PrecisionGrooming": 0.04531224071979523, "RecallGrooming": 0.11920242756605148, "PRCGrooming": 0.06052275374531746, "_wandb": {"runtime": 332}}