{"lossGrooming": 0.3674614727497101, "_timestamp": 1698052388.954752, "_runtime": 341.49162006378174, "_step": 8, "TruePositivesGrooming": 182.0, "FalsePositivesGrooming": 1504.0, "TrueNegativesGrooming": 28589.0, "FalseNegativesGrooming": 2125.0, "AccuracyGrooming": 0.8879938125610352, "PrecisionGrooming": 0.10794780403375626, "RecallGrooming": 0.07889033108949661, "PRCGrooming": 0.07923367619514465, "_wandb": {"runtime": 340}}