{"lossWall Rearing": 0.830822229385376, "_timestamp": 1697928616.0608141, "_runtime": 332.2961392402649, "_step": 8, "TruePositivesWall Rearing": 1642.0, "FalsePositivesWall Rearing": 9727.0, "TrueNegativesWall Rearing": 18371.0, "FalseNegativesWall Rearing": 2660.0, "AccuracyWall Rearing": 0.6176851987838745, "PrecisionWall Rearing": 0.1444278359413147, "RecallWall Rearing": 0.3816829323768616, "PRCWall Rearing": 0.14412014186382294, "_wandb": {"runtime": 330}}