{"lossGrooming": 0.3951643407344818, "_timestamp": 1698489949.374596, "_runtime": 336.7528820037842, "_step": 8, "TruePositivesGrooming": 231.0, "FalsePositivesGrooming": 2739.0, "TrueNegativesGrooming": 27354.0, "FalseNegativesGrooming": 2076.0, "AccuracyGrooming": 0.8513888716697693, "PrecisionGrooming": 0.07777778059244156, "RecallGrooming": 0.10013003647327423, "PRCGrooming": 0.07390335947275162, "_wandb": {"runtime": 336}}