{"lossGrooming": 0.49619606137275696, "_timestamp": 1697918677.344138, "_runtime": 331.156938791275, "_step": 8, "TruePositivesGrooming": 319.0, "FalsePositivesGrooming": 4259.0, "TrueNegativesGrooming": 25834.0, "FalseNegativesGrooming": 1988.0, "AccuracyGrooming": 0.8071913719177246, "PrecisionGrooming": 0.0696810856461525, "RecallGrooming": 0.13827481865882874, "PRCGrooming": 0.07091648876667023, "_wandb": {"runtime": 330}}