{"lossGrooming": 0.8173500895500183, "_timestamp": 1698064601.030102, "_runtime": 336.0103249549866, "_step": 8, "TruePositivesGrooming": 768.0, "FalsePositivesGrooming": 10985.0, "TrueNegativesGrooming": 19108.0, "FalseNegativesGrooming": 1539.0, "AccuracyGrooming": 0.6134567856788635, "PrecisionGrooming": 0.06534501910209656, "RecallGrooming": 0.33289986848831177, "PRCGrooming": 0.0688273012638092, "_wandb": {"runtime": 335}}