{"lossWall Rearing": 0.6271458268165588, "_timestamp": 1697988368.492395, "_runtime": 321.2218089103699, "_step": 8, "TruePositivesWall Rearing": 1596.0, "FalsePositivesWall Rearing": 9200.0, "TrueNegativesWall Rearing": 18898.0, "FalseNegativesWall Rearing": 2706.0, "AccuracyWall Rearing": 0.6325308680534363, "PrecisionWall Rearing": 0.14783252775669098, "RecallWall Rearing": 0.37099024653434753, "PRCWall Rearing": 0.15434303879737854, "_wandb": {"runtime": 319}}