{"lossMid Rearing": 0.5317479372024536, "_timestamp": 1698037429.070525, "_runtime": 341.59163999557495, "_step": 8, "TruePositivesMid Rearing": 620.0, "FalsePositivesMid Rearing": 2659.0, "TrueNegativesMid Rearing": 26286.0, "FalseNegativesMid Rearing": 2835.0, "AccuracyMid Rearing": 0.830432116985321, "PrecisionMid Rearing": 0.1890820413827896, "RecallMid Rearing": 0.17945007979869843, "PRCMid Rearing": 0.14320257306098938, "_wandb": {"runtime": 340}}