{"lossGrooming": 0.4287087619304657, "_timestamp": 1698005085.883171, "_runtime": 328.20705103874207, "_step": 8, "TruePositivesGrooming": 272.0, "FalsePositivesGrooming": 2766.0, "TrueNegativesGrooming": 27327.0, "FalseNegativesGrooming": 2035.0, "AccuracyGrooming": 0.8518210053443909, "PrecisionGrooming": 0.08953258395195007, "RecallGrooming": 0.11790204048156738, "PRCGrooming": 0.07889171689748764, "_wandb": {"runtime": 327}}