{"lossWall Rearing": 0.6400364637374878, "_timestamp": 1697949336.3372421, "_runtime": 321.7937390804291, "_step": 8, "TruePositivesWall Rearing": 1254.0, "FalsePositivesWall Rearing": 6664.0, "TrueNegativesWall Rearing": 21434.0, "FalseNegativesWall Rearing": 3048.0, "AccuracyWall Rearing": 0.7002469301223755, "PrecisionWall Rearing": 0.15837332606315613, "RecallWall Rearing": 0.2914923429489136, "PRCWall Rearing": 0.15538352727890015, "_wandb": {"runtime": 320}}