{"lossWall Rearing": 0.5619733333587646, "_timestamp": 1697915201.737191, "_runtime": 326.7688510417938, "_step": 8, "TruePositivesWall Rearing": 669.0, "FalsePositivesWall Rearing": 4390.0, "TrueNegativesWall Rearing": 23708.0, "FalseNegativesWall Rearing": 3633.0, "AccuracyWall Rearing": 0.7523765563964844, "PrecisionWall Rearing": 0.13223958015441895, "RecallWall Rearing": 0.1555090695619583, "PRCWall Rearing": 0.14169767498970032, "_wandb": {"runtime": 324}}