{"lossGrooming": 0.4481903314590454, "_timestamp": 1698078216.172707, "_runtime": 341.66852617263794, "_step": 8, "TruePositivesGrooming": 428.0, "FalsePositivesGrooming": 3526.0, "TrueNegativesGrooming": 26567.0, "FalseNegativesGrooming": 1879.0, "AccuracyGrooming": 0.8331789970397949, "PrecisionGrooming": 0.10824481397867203, "RecallGrooming": 0.18552231788635254, "PRCGrooming": 0.08006960153579712, "_wandb": {"runtime": 340}}