{"lossGrooming": 0.4978744387626648, "_timestamp": 1697902260.676217, "_runtime": 339.5139100551605, "_step": 8, "TruePositivesGrooming": 489.0, "FalsePositivesGrooming": 5090.0, "TrueNegativesGrooming": 25003.0, "FalseNegativesGrooming": 1818.0, "AccuracyGrooming": 0.786790132522583, "PrecisionGrooming": 0.0876501128077507, "RecallGrooming": 0.21196359395980835, "PRCGrooming": 0.10861106961965561, "_wandb": {"runtime": 338}}