{"lossGrooming": 0.635612964630127, "_timestamp": 1698040129.867522, "_runtime": 324.6951279640198, "_step": 8, "TruePositivesGrooming": 555.0, "FalsePositivesGrooming": 6739.0, "TrueNegativesGrooming": 23354.0, "FalseNegativesGrooming": 1752.0, "AccuracyGrooming": 0.7379320859909058, "PrecisionGrooming": 0.07608993351459503, "RecallGrooming": 0.24057216942310333, "PRCGrooming": 0.07038454711437225, "_wandb": {"runtime": 324}}