{"lossMid Rearing": 0.4506421685218811, "_timestamp": 1697931342.686378, "_runtime": 336.10628509521484, "_step": 8, "TruePositivesMid Rearing": 533.0, "FalsePositivesMid Rearing": 2298.0, "TrueNegativesMid Rearing": 26647.0, "FalseNegativesMid Rearing": 2922.0, "AccuracyMid Rearing": 0.8388888835906982, "PrecisionMid Rearing": 0.18827269971370697, "RecallMid Rearing": 0.15426917374134064, "PRCMid Rearing": 0.14330704510211945, "_wandb": {"runtime": 334}}