{"lossGrooming": 0.4420696198940277, "_timestamp": 1697946550.497447, "_runtime": 336.4858560562134, "_step": 8, "TruePositivesGrooming": 292.0, "FalsePositivesGrooming": 2950.0, "TrueNegativesGrooming": 27143.0, "FalseNegativesGrooming": 2015.0, "AccuracyGrooming": 0.8467592597007751, "PrecisionGrooming": 0.09006785601377487, "RecallGrooming": 0.12657129764556885, "PRCGrooming": 0.07433980703353882, "_wandb": {"runtime": 335}}