{"lossGrooming": 0.30303800106048584, "_timestamp": 1698022725.5325131, "_runtime": 327.8536841869354, "_step": 8, "TruePositivesGrooming": 22.0, "FalsePositivesGrooming": 589.0, "TrueNegativesGrooming": 29504.0, "FalseNegativesGrooming": 2285.0, "AccuracyGrooming": 0.9112963080406189, "PrecisionGrooming": 0.03600654751062393, "RecallGrooming": 0.009536194615066051, "PRCGrooming": 0.06090589612722397, "_wandb": {"runtime": 327}}