{"lossWall Rearing": 0.6135885715484619, "_timestamp": 1698020332.6625931, "_runtime": 319.6433491706848, "_step": 8, "TruePositivesWall Rearing": 1190.0, "FalsePositivesWall Rearing": 6141.0, "TrueNegativesWall Rearing": 21957.0, "FalseNegativesWall Rearing": 3112.0, "AccuracyWall Rearing": 0.714413583278656, "PrecisionWall Rearing": 0.16232436895370483, "RecallWall Rearing": 0.27661553025245667, "PRCWall Rearing": 0.16359207034111023, "_wandb": {"runtime": 317}}