{"lossGrooming": 0.8057991862297058, "_timestamp": 1697938234.833929, "_runtime": 333.2163579463959, "_step": 8, "TruePositivesGrooming": 803.0, "FalsePositivesGrooming": 9909.0, "TrueNegativesGrooming": 20184.0, "FalseNegativesGrooming": 1504.0, "AccuracyGrooming": 0.6477469205856323, "PrecisionGrooming": 0.07496266067028046, "RecallGrooming": 0.3480710983276367, "PRCGrooming": 0.10596860945224762, "_wandb": {"runtime": 332}}