{"lossMid Rearing": 0.648885190486908, "_timestamp": 1698032288.980882, "_runtime": 343.590696811676, "_step": 8, "TruePositivesMid Rearing": 894.0, "FalsePositivesMid Rearing": 6421.0, "TrueNegativesMid Rearing": 22524.0, "FalseNegativesMid Rearing": 2561.0, "AccuracyMid Rearing": 0.722777783870697, "PrecisionMid Rearing": 0.12221463024616241, "RecallMid Rearing": 0.2587554156780243, "PRCMid Rearing": 0.12737050652503967, "_wandb": {"runtime": 342}}