{"lossMid Rearing": 0.5628397464752197, "_timestamp": 1697910770.317821, "_runtime": 353.0249650478363, "_step": 8, "TruePositivesMid Rearing": 880.0, "FalsePositivesMid Rearing": 5469.0, "TrueNegativesMid Rearing": 23476.0, "FalseNegativesMid Rearing": 2575.0, "AccuracyMid Rearing": 0.7517284154891968, "PrecisionMid Rearing": 0.13860450685024261, "RecallMid Rearing": 0.2547033429145813, "PRCMid Rearing": 0.13022758066654205, "_wandb": {"runtime": 351}}