{"lossWall Rearing": 0.6536586880683899, "_timestamp": 1698033646.584789, "_runtime": 319.82446813583374, "_step": 8, "TruePositivesWall Rearing": 961.0, "FalsePositivesWall Rearing": 5414.0, "TrueNegativesWall Rearing": 22684.0, "FalseNegativesWall Rearing": 3341.0, "AccuracyWall Rearing": 0.7297839522361755, "PrecisionWall Rearing": 0.15074509382247925, "RecallWall Rearing": 0.22338446974754333, "PRCWall Rearing": 0.14570775628089905, "_wandb": {"runtime": 318}}