{"lossGrooming": 0.5291929841041565, "_timestamp": 1698088621.6338282, "_runtime": 323.86999917030334, "_step": 8, "TruePositivesGrooming": 500.0, "FalsePositivesGrooming": 3674.0, "TrueNegativesGrooming": 26419.0, "FalseNegativesGrooming": 1807.0, "AccuracyGrooming": 0.8308333158493042, "PrecisionGrooming": 0.11978916823863983, "RecallGrooming": 0.21673168241977692, "PRCGrooming": 0.1221427246928215, "_wandb": {"runtime": 323}}