{"lossGrooming": 0.32139337062835693, "_timestamp": 1697981566.961617, "_runtime": 335.65155601501465, "_step": 8, "TruePositivesGrooming": 7.0, "FalsePositivesGrooming": 167.0, "TrueNegativesGrooming": 29926.0, "FalseNegativesGrooming": 2300.0, "AccuracyGrooming": 0.9238580465316772, "PrecisionGrooming": 0.04022988677024841, "RecallGrooming": 0.003034243592992425, "PRCGrooming": 0.09703480452299118, "_wandb": {"runtime": 334}}