{"lossWall Rearing": 0.5415898561477661, "_timestamp": 1697982245.88431, "_runtime": 323.86859011650085, "_step": 8, "TruePositivesWall Rearing": 595.0, "FalsePositivesWall Rearing": 3594.0, "TrueNegativesWall Rearing": 24504.0, "FalseNegativesWall Rearing": 3707.0, "AccuracyWall Rearing": 0.7746604681015015, "PrecisionWall Rearing": 0.14203867316246033, "RecallWall Rearing": 0.13830776512622833, "PRCWall Rearing": 0.14411315321922302, "_wandb": {"runtime": 322}}