{"lossGrooming": 0.83359295129776, "_timestamp": 1698026818.057315, "_runtime": 330.3430290222168, "_step": 8, "TruePositivesGrooming": 949.0, "FalsePositivesGrooming": 12605.0, "TrueNegativesGrooming": 17488.0, "FalseNegativesGrooming": 1358.0, "AccuracyGrooming": 0.5690432190895081, "PrecisionGrooming": 0.07001622766256332, "RecallGrooming": 0.41135674715042114, "PRCGrooming": 0.08908922225236893, "_wandb": {"runtime": 329}}