{"lossGrooming": 0.547519326210022, "_timestamp": 1698056890.638944, "_runtime": 333.24037289619446, "_step": 8, "TruePositivesGrooming": 527.0, "FalsePositivesGrooming": 4123.0, "TrueNegativesGrooming": 25970.0, "FalseNegativesGrooming": 1780.0, "AccuracyGrooming": 0.8178086280822754, "PrecisionGrooming": 0.1133333370089531, "RecallGrooming": 0.2284352034330368, "PRCGrooming": 0.10298096388578415, "_wandb": {"runtime": 332}}