{"lossGrooming": 0.5124132633209229, "_timestamp": 1698047125.208732, "_runtime": 338.869756937027, "_step": 8, "TruePositivesGrooming": 297.0, "FalsePositivesGrooming": 3340.0, "TrueNegativesGrooming": 26753.0, "FalseNegativesGrooming": 2010.0, "AccuracyGrooming": 0.834876537322998, "PrecisionGrooming": 0.08166071027517319, "RecallGrooming": 0.1287386268377304, "PRCGrooming": 0.05905650556087494, "_wandb": {"runtime": 338}}