{"lossWall Rearing": 0.5081948637962341, "_timestamp": 1698027492.665712, "_runtime": 319.24710512161255, "_step": 8, "TruePositivesWall Rearing": 597.0, "FalsePositivesWall Rearing": 3420.0, "TrueNegativesWall Rearing": 24678.0, "FalseNegativesWall Rearing": 3705.0, "AccuracyWall Rearing": 0.7800925970077515, "PrecisionWall Rearing": 0.14861837029457092, "RecallWall Rearing": 0.13877266645431519, "PRCWall Rearing": 0.1417773813009262, "_wandb": {"runtime": 317}}