{"lossGrooming": 0.45879483222961426, "_timestamp": 1698066348.461177, "_runtime": 339.727352142334, "_step": 8, "TruePositivesGrooming": 542.0, "FalsePositivesGrooming": 4545.0, "TrueNegativesGrooming": 25548.0, "FalseNegativesGrooming": 1765.0, "AccuracyGrooming": 0.805246889591217, "PrecisionGrooming": 0.10654609650373459, "RecallGrooming": 0.2349371463060379, "PRCGrooming": 0.1129692941904068, "_wandb": {"runtime": 339}}