{"lossGrooming": 0.402058482170105, "_timestamp": 1698061779.643268, "_runtime": 337.7291522026062, "_step": 8, "TruePositivesGrooming": 144.0, "FalsePositivesGrooming": 1043.0, "TrueNegativesGrooming": 29050.0, "FalseNegativesGrooming": 2163.0, "AccuracyGrooming": 0.9010493755340576, "PrecisionGrooming": 0.12131423503160477, "RecallGrooming": 0.062418725341558456, "PRCGrooming": 0.07119406014680862, "_wandb": {"runtime": 337}}