{"lossGrooming": 0.49026820063591003, "_timestamp": 1697934110.4116359, "_runtime": 337.2459478378296, "_step": 8, "TruePositivesGrooming": 216.0, "FalsePositivesGrooming": 3452.0, "TrueNegativesGrooming": 26641.0, "FalseNegativesGrooming": 2091.0, "AccuracyGrooming": 0.8289197683334351, "PrecisionGrooming": 0.058887675404548645, "RecallGrooming": 0.09362808614969254, "PRCGrooming": 0.07123392820358276, "_wandb": {"runtime": 336}}