{"lossWall Rearing": 0.7178059816360474, "_timestamp": 1697895815.144628, "_runtime": 320.03219413757324, "_step": 8, "TruePositivesWall Rearing": 2189.0, "FalsePositivesWall Rearing": 12865.0, "TrueNegativesWall Rearing": 15233.0, "FalseNegativesWall Rearing": 2113.0, "AccuracyWall Rearing": 0.5377160310745239, "PrecisionWall Rearing": 0.14540985226631165, "RecallWall Rearing": 0.508833110332489, "PRCWall Rearing": 0.16251249611377716, "_wandb": {"runtime": 318}}