{"lossWall Rearing": 0.5253458023071289, "_timestamp": 1697893728.8474162, "_runtime": 320.3437922000885, "_step": 8, "TruePositivesWall Rearing": 889.0, "FalsePositivesWall Rearing": 5239.0, "TrueNegativesWall Rearing": 22859.0, "FalseNegativesWall Rearing": 3413.0, "AccuracyWall Rearing": 0.732962965965271, "PrecisionWall Rearing": 0.14507180452346802, "RecallWall Rearing": 0.2066480666399002, "PRCWall Rearing": 0.15164832770824432, "_wandb": {"runtime": 318}}