{"loss": 0.6484820246696472, "_timestamp": 1697715491.460639, "_runtime": 322.05308508872986, "_step": 0, "_wandb": {"runtime": 324}}