{"lossGrooming": 0.4792703092098236, "_timestamp": 1698083068.291167, "_runtime": 336.6888749599457, "_step": 8, "TruePositivesGrooming": 497.0, "FalsePositivesGrooming": 4279.0, "TrueNegativesGrooming": 25814.0, "FalseNegativesGrooming": 1810.0, "AccuracyGrooming": 0.8120679259300232, "PrecisionGrooming": 0.10406197607517242, "RecallGrooming": 0.2154313027858734, "PRCGrooming": 0.09493076801300049, "_wandb": {"runtime": 335}}