{"lossWall Rearing": 0.6331356167793274, "_timestamp": 1697977056.6311638, "_runtime": 324.96081280708313, "_step": 8, "TruePositivesWall Rearing": 1454.0, "FalsePositivesWall Rearing": 7988.0, "TrueNegativesWall Rearing": 20110.0, "FalseNegativesWall Rearing": 2848.0, "AccuracyWall Rearing": 0.6655555367469788, "PrecisionWall Rearing": 0.15399280190467834, "RecallWall Rearing": 0.33798232674598694, "PRCWall Rearing": 0.16350817680358887, "_wandb": {"runtime": 323}}