{"lossWall Rearing": 0.9544075131416321, "_timestamp": 1697963732.9632761, "_runtime": 319.07993507385254, "_step": 8, "TruePositivesWall Rearing": 2838.0, "FalsePositivesWall Rearing": 17085.0, "TrueNegativesWall Rearing": 11013.0, "FalseNegativesWall Rearing": 1464.0, "AccuracyWall Rearing": 0.42750000953674316, "PrecisionWall Rearing": 0.14244842529296875, "RecallWall Rearing": 0.65969318151474, "PRCWall Rearing": 0.16064698994159698, "_wandb": {"runtime": 317}}