{"lossGrooming": 1.733973503112793, "_timestamp": 1698090382.267936, "_runtime": 326.3664119243622, "_step": 8, "TruePositivesGrooming": 1509.0, "FalsePositivesGrooming": 20032.0, "TrueNegativesGrooming": 10061.0, "FalseNegativesGrooming": 798.0, "AccuracyGrooming": 0.3570987582206726, "PrecisionGrooming": 0.07005245983600616, "RecallGrooming": 0.654096245765686, "PRCGrooming": 0.08618297427892685, "_wandb": {"runtime": 325}}