{"lossWall Rearing": 0.6438426375389099, "_timestamp": 1698019289.285035, "_runtime": 322.42586493492126, "_step": 8, "TruePositivesWall Rearing": 872.0, "FalsePositivesWall Rearing": 5776.0, "TrueNegativesWall Rearing": 22322.0, "FalseNegativesWall Rearing": 3430.0, "AccuracyWall Rearing": 0.7158641815185547, "PrecisionWall Rearing": 0.13116726279258728, "RecallWall Rearing": 0.20269642770290375, "PRCWall Rearing": 0.14081569015979767, "_wandb": {"runtime": 320}}