{"lossMid Rearing": 0.438186377286911, "_timestamp": 1698012787.201279, "_runtime": 355.6654269695282, "_step": 8, "TruePositivesMid Rearing": 535.0, "FalsePositivesMid Rearing": 2494.0, "TrueNegativesMid Rearing": 26451.0, "FalseNegativesMid Rearing": 2920.0, "AccuracyMid Rearing": 0.8329012393951416, "PrecisionMid Rearing": 0.17662595212459564, "RecallMid Rearing": 0.15484803915023804, "PRCMid Rearing": 0.15522736310958862, "_wandb": {"runtime": 354}}