{"lossGrooming": 0.5729386806488037, "_timestamp": 1698043254.8788931, "_runtime": 346.4607660770416, "_step": 8, "TruePositivesGrooming": 270.0, "FalsePositivesGrooming": 5554.0, "TrueNegativesGrooming": 24539.0, "FalseNegativesGrooming": 2037.0, "AccuracyGrooming": 0.7657098770141602, "PrecisionGrooming": 0.04635988920927048, "RecallGrooming": 0.11703511327505112, "PRCGrooming": 0.08219076693058014, "_wandb": {"runtime": 345}}