{"lossGrooming": 0.5996795296669006, "_timestamp": 1698037081.118446, "_runtime": 332.49392914772034, "_step": 8, "TruePositivesGrooming": 370.0, "FalsePositivesGrooming": 5681.0, "TrueNegativesGrooming": 24412.0, "FalseNegativesGrooming": 1937.0, "AccuracyGrooming": 0.7648765444755554, "PrecisionGrooming": 0.061146918684244156, "RecallGrooming": 0.16038145124912262, "PRCGrooming": 0.06534148752689362, "_wandb": {"runtime": 331}}