{"lossGrooming": 0.3272058665752411, "_timestamp": 1698029895.4016798, "_runtime": 341.40735268592834, "_step": 8, "TruePositivesGrooming": 35.0, "FalsePositivesGrooming": 849.0, "TrueNegativesGrooming": 29244.0, "FalseNegativesGrooming": 2272.0, "AccuracyGrooming": 0.9036728143692017, "PrecisionGrooming": 0.03959276154637337, "RecallGrooming": 0.015171217732131481, "PRCGrooming": 0.06271010637283325, "_wandb": {"runtime": 340}}