{"lossMid Rearing": 0.4655177593231201, "_timestamp": 1697919023.3490582, "_runtime": 340.3247811794281, "_step": 8, "TruePositivesMid Rearing": 449.0, "FalsePositivesMid Rearing": 2124.0, "TrueNegativesMid Rearing": 26821.0, "FalseNegativesMid Rearing": 3006.0, "AccuracyMid Rearing": 0.8416666388511658, "PrecisionMid Rearing": 0.17450447380542755, "RecallMid Rearing": 0.12995658814907074, "PRCMid Rearing": 0.13516530394554138, "_wandb": {"runtime": 338}}