{"lossGrooming": 0.5654206871986389, "_timestamp": 1698086893.4104419, "_runtime": 326.1978678703308, "_step": 8, "TruePositivesGrooming": 476.0, "FalsePositivesGrooming": 4914.0, "TrueNegativesGrooming": 25179.0, "FalseNegativesGrooming": 1831.0, "AccuracyGrooming": 0.7918210029602051, "PrecisionGrooming": 0.08831168711185455, "RecallGrooming": 0.20632857084274292, "PRCGrooming": 0.08953846991062164, "_wandb": {"runtime": 325}}