{"lossMid Rearing": 0.4409223198890686, "_timestamp": 1697924189.6868951, "_runtime": 334.96592116355896, "_step": 8, "TruePositivesMid Rearing": 848.0, "FalsePositivesMid Rearing": 3753.0, "TrueNegativesMid Rearing": 25192.0, "FalseNegativesMid Rearing": 2607.0, "AccuracyMid Rearing": 0.8037037253379822, "PrecisionMid Rearing": 0.1843077540397644, "RecallMid Rearing": 0.24544139206409454, "PRCMid Rearing": 0.16313625872135162, "_wandb": {"runtime": 333}}