{"lossMid Rearing": 0.4324887692928314, "_timestamp": 1697968522.306464, "_runtime": 338.5572090148926, "_step": 8, "TruePositivesMid Rearing": 486.0, "FalsePositivesMid Rearing": 2311.0, "TrueNegativesMid Rearing": 26634.0, "FalseNegativesMid Rearing": 2969.0, "AccuracyMid Rearing": 0.8370370268821716, "PrecisionMid Rearing": 0.17375759780406952, "RecallMid Rearing": 0.1406656950712204, "PRCMid Rearing": 0.1470358818769455, "_wandb": {"runtime": 337}}