{"lossMid Rearing": 0.7890251278877258, "_timestamp": 1697926254.005901, "_runtime": 338.3307111263275, "_step": 8, "TruePositivesMid Rearing": 1946.0, "FalsePositivesMid Rearing": 12531.0, "TrueNegativesMid Rearing": 16414.0, "FalseNegativesMid Rearing": 1509.0, "AccuracyMid Rearing": 0.5666666626930237, "PrecisionMid Rearing": 0.13442011177539825, "RecallMid Rearing": 0.5632416605949402, "PRCMid Rearing": 0.14407318830490112, "_wandb": {"runtime": 337}}