{"lossMid Rearing": 0.6971704959869385, "_timestamp": 1698041529.088358, "_runtime": 358.3261818885803, "_step": 8, "TruePositivesMid Rearing": 1790.0, "FalsePositivesMid Rearing": 11071.0, "TrueNegativesMid Rearing": 17874.0, "FalseNegativesMid Rearing": 1665.0, "AccuracyMid Rearing": 0.6069135665893555, "PrecisionMid Rearing": 0.13918046653270721, "RecallMid Rearing": 0.5180897116661072, "PRCMid Rearing": 0.15507902204990387, "_wandb": {"runtime": 356}}