{"lossGrooming": 1.2843457460403442, "_timestamp": 1698090040.0911438, "_runtime": 337.38915181159973, "_step": 8, "TruePositivesGrooming": 1464.0, "FalsePositivesGrooming": 18446.0, "TrueNegativesGrooming": 11647.0, "FalseNegativesGrooming": 843.0, "AccuracyGrooming": 0.40466049313545227, "PrecisionGrooming": 0.0735308900475502, "RecallGrooming": 0.6345903873443604, "PRCGrooming": 0.08284146338701248, "_wandb": {"runtime": 336}}