{"lossGrooming": 0.4199429154396057, "_timestamp": 1697904302.419541, "_runtime": 337.1890678405762, "_step": 8, "TruePositivesGrooming": 87.0, "FalsePositivesGrooming": 2271.0, "TrueNegativesGrooming": 27822.0, "FalseNegativesGrooming": 2220.0, "AccuracyGrooming": 0.8613888621330261, "PrecisionGrooming": 0.03689567372202873, "RecallGrooming": 0.03771131485700607, "PRCGrooming": 0.059189748018980026, "_wandb": {"runtime": 336}}