{"lossMid Rearing": 0.6051445007324219, "_timestamp": 1697962357.8576498, "_runtime": 327.1306257247925, "_step": 8, "TruePositivesMid Rearing": 1173.0, "FalsePositivesMid Rearing": 6274.0, "TrueNegativesMid Rearing": 22671.0, "FalseNegativesMid Rearing": 2282.0, "AccuracyMid Rearing": 0.7359259128570557, "PrecisionMid Rearing": 0.1575130969285965, "RecallMid Rearing": 0.33950796723365784, "PRCMid Rearing": 0.14900624752044678, "_wandb": {"runtime": 325}}