{"lossGrooming": 1.0508308410644531, "_timestamp": 1698008289.4865558, "_runtime": 348.6332268714905, "_step": 8, "TruePositivesGrooming": 1039.0, "FalsePositivesGrooming": 16326.0, "TrueNegativesGrooming": 13767.0, "FalseNegativesGrooming": 1268.0, "AccuracyGrooming": 0.4569753110408783, "PrecisionGrooming": 0.05983299762010574, "RecallGrooming": 0.4503684341907501, "PRCGrooming": 0.07748624682426453, "_wandb": {"runtime": 347}}