{"lossGrooming": 0.4338028132915497, "_timestamp": 1698018597.988826, "_runtime": 337.4625840187073, "_step": 8, "TruePositivesGrooming": 99.0, "FalsePositivesGrooming": 2178.0, "TrueNegativesGrooming": 27915.0, "FalseNegativesGrooming": 2208.0, "AccuracyGrooming": 0.8646296262741089, "PrecisionGrooming": 0.043478261679410934, "RecallGrooming": 0.04291287437081337, "PRCGrooming": 0.06661286950111389, "_wandb": {"runtime": 336}}