{"lossWall Rearing": 0.6653264164924622, "_timestamp": 1698006847.495185, "_runtime": 338.4074478149414, "_step": 8, "TruePositivesWall Rearing": 1983.0, "FalsePositivesWall Rearing": 10167.0, "TrueNegativesWall Rearing": 17931.0, "FalseNegativesWall Rearing": 2319.0, "AccuracyWall Rearing": 0.6146296262741089, "PrecisionWall Rearing": 0.16320987045764923, "RecallWall Rearing": 0.4609484076499939, "PRCWall Rearing": 0.17945076525211334, "_wandb": {"runtime": 336}}