{"lossGrooming": 0.6079867482185364, "_timestamp": 1698031940.42991, "_runtime": 323.43156385421753, "_step": 8, "TruePositivesGrooming": 725.0, "FalsePositivesGrooming": 7368.0, "TrueNegativesGrooming": 22725.0, "FalseNegativesGrooming": 1582.0, "AccuracyGrooming": 0.7237654328346252, "PrecisionGrooming": 0.08958359062671661, "RecallGrooming": 0.31426095962524414, "PRCGrooming": 0.08499451726675034, "_wandb": {"runtime": 322}}