{"lossGrooming": 1.1342359781265259, "_timestamp": 1698030926.37008, "_runtime": 330.5007131099701, "_step": 8, "TruePositivesGrooming": 1551.0, "FalsePositivesGrooming": 17800.0, "TrueNegativesGrooming": 12293.0, "FalseNegativesGrooming": 756.0, "AccuracyGrooming": 0.4272839426994324, "PrecisionGrooming": 0.08015089482069016, "RecallGrooming": 0.672301709651947, "PRCGrooming": 0.11697014421224594, "_wandb": {"runtime": 329}}