{"lossGrooming": 0.4677533507347107, "_timestamp": 1698074014.664984, "_runtime": 338.89507699012756, "_step": 8, "TruePositivesGrooming": 359.0, "FalsePositivesGrooming": 3413.0, "TrueNegativesGrooming": 26680.0, "FalseNegativesGrooming": 1948.0, "AccuracyGrooming": 0.8345370292663574, "PrecisionGrooming": 0.09517497569322586, "RecallGrooming": 0.15561334788799286, "PRCGrooming": 0.09027649462223053, "_wandb": {"runtime": 337}}