{"lossGrooming": 0.514400064945221, "_timestamp": 1697933085.9577181, "_runtime": 341.8126451969147, "_step": 8, "TruePositivesGrooming": 199.0, "FalsePositivesGrooming": 3705.0, "TrueNegativesGrooming": 26388.0, "FalseNegativesGrooming": 2108.0, "AccuracyGrooming": 0.8205864429473877, "PrecisionGrooming": 0.05097335949540138, "RecallGrooming": 0.08625920861959457, "PRCGrooming": 0.06291086971759796, "_wandb": {"runtime": 341}}