{"lossGrooming": 0.4998539090156555, "_timestamp": 1698481299.904875, "_runtime": 329.99646496772766, "_step": 8, "TruePositivesGrooming": 440.0, "FalsePositivesGrooming": 3969.0, "TrueNegativesGrooming": 26124.0, "FalseNegativesGrooming": 1867.0, "AccuracyGrooming": 0.8198765516281128, "PrecisionGrooming": 0.0997958704829216, "RecallGrooming": 0.19072388112545013, "PRCGrooming": 0.08487948030233383, "_wandb": {"runtime": 328}}