{"lossWall Rearing": 0.5797150731086731, "_timestamp": 1697980181.2531579, "_runtime": 336.1000647544861, "_step": 8, "TruePositivesWall Rearing": 737.0, "FalsePositivesWall Rearing": 5216.0, "TrueNegativesWall Rearing": 22882.0, "FalseNegativesWall Rearing": 3565.0, "AccuracyWall Rearing": 0.7289814949035645, "PrecisionWall Rearing": 0.12380312383174896, "RecallWall Rearing": 0.17131567001342773, "PRCWall Rearing": 0.12502293288707733, "_wandb": {"runtime": 334}}