{"lossGrooming": 0.44892439246177673, "_timestamp": 1698075394.8961082, "_runtime": 327.5106711387634, "_step": 8, "TruePositivesGrooming": 237.0, "FalsePositivesGrooming": 3243.0, "TrueNegativesGrooming": 26850.0, "FalseNegativesGrooming": 2070.0, "AccuracyGrooming": 0.8360185027122498, "PrecisionGrooming": 0.06810344755649567, "RecallGrooming": 0.10273081809282303, "PRCGrooming": 0.06322178244590759, "_wandb": {"runtime": 326}}