{"lossWall Rearing": 0.7292652726173401, "_timestamp": 1698029538.4697092, "_runtime": 324.5173771381378, "_step": 8, "TruePositivesWall Rearing": 2156.0, "FalsePositivesWall Rearing": 11133.0, "TrueNegativesWall Rearing": 16965.0, "FalseNegativesWall Rearing": 2146.0, "AccuracyWall Rearing": 0.5901543498039246, "PrecisionWall Rearing": 0.1622394472360611, "RecallWall Rearing": 0.5011622309684753, "PRCWall Rearing": 0.16731080412864685, "_wandb": {"runtime": 322}}