{"lossGrooming": 0.38620975613594055, "_timestamp": 1698053081.5935411, "_runtime": 333.42650723457336, "_step": 8, "TruePositivesGrooming": 105.0, "FalsePositivesGrooming": 1654.0, "TrueNegativesGrooming": 28439.0, "FalseNegativesGrooming": 2202.0, "AccuracyGrooming": 0.8809876441955566, "PrecisionGrooming": 0.05969300866127014, "RecallGrooming": 0.04551365226507187, "PRCGrooming": 0.06139964610338211, "_wandb": {"runtime": 332}}