{"lossWall Rearing": 0.713687539100647, "_timestamp": 1698038782.9846458, "_runtime": 323.14677381515503, "_step": 8, "TruePositivesWall Rearing": 1439.0, "FalsePositivesWall Rearing": 8145.0, "TrueNegativesWall Rearing": 19953.0, "FalseNegativesWall Rearing": 2863.0, "AccuracyWall Rearing": 0.6602469086647034, "PrecisionWall Rearing": 0.15014608204364777, "RecallWall Rearing": 0.33449557423591614, "PRCWall Rearing": 0.1572026014328003, "_wandb": {"runtime": 321}}