{"lossMid Rearing": 0.4558090567588806, "_timestamp": 1697908718.644234, "_runtime": 328.94257402420044, "_step": 8, "TruePositivesMid Rearing": 679.0, "FalsePositivesMid Rearing": 2902.0, "TrueNegativesMid Rearing": 26043.0, "FalseNegativesMid Rearing": 2776.0, "AccuracyMid Rearing": 0.8247531056404114, "PrecisionMid Rearing": 0.18961183726787567, "RecallMid Rearing": 0.19652676582336426, "PRCMid Rearing": 0.16215664148330688, "_wandb": {"runtime": 327}}