{"Behaviour": "Mid Rearing", "_timestamp": 1697888135.367002, "_runtime": 334.7606780529022, "_step": 9, "loss": 0.3757251799106598, "TruePositives": 539.0, "FalsePositives": 1938.0, "TrueNegatives": 27007.0, "FalseNegatives": 2916.0, "Accuracy": 0.8501851558685303, "Precision": 0.21760194003582, "Recall": 0.15600578486919403, "PRC": 0.17381596565246582, "_wandb": {"runtime": 333}}