{"lossMid Rearing": 0.4420095682144165, "_timestamp": 1697900557.214368, "_runtime": 327.9535050392151, "_step": 8, "TruePositivesMid Rearing": 446.0, "FalsePositivesMid Rearing": 2556.0, "TrueNegativesMid Rearing": 26389.0, "FalseNegativesMid Rearing": 3009.0, "AccuracyMid Rearing": 0.8282407522201538, "PrecisionMid Rearing": 0.14856761693954468, "RecallMid Rearing": 0.12908828258514404, "PRCMid Rearing": 0.1295190155506134, "_wandb": {"runtime": 326}}