{"lossMid Rearing": 0.44940778613090515, "_timestamp": 1697994229.665241, "_runtime": 337.80172896385193, "_step": 8, "TruePositivesMid Rearing": 1031.0, "FalsePositivesMid Rearing": 4428.0, "TrueNegativesMid Rearing": 24517.0, "FalseNegativesMid Rearing": 2424.0, "AccuracyMid Rearing": 0.7885185480117798, "PrecisionMid Rearing": 0.18886242806911469, "RecallMid Rearing": 0.2984080910682678, "PRCMid Rearing": 0.16139648854732513, "_wandb": {"runtime": 336}}