{"lossWall Rearing": 0.6183844804763794, "_timestamp": 1697985322.584578, "_runtime": 316.96391201019287, "_step": 8, "TruePositivesWall Rearing": 772.0, "FalsePositivesWall Rearing": 5130.0, "TrueNegativesWall Rearing": 22968.0, "FalseNegativesWall Rearing": 3530.0, "AccuracyWall Rearing": 0.7327160239219666, "PrecisionWall Rearing": 0.13080312311649323, "RecallWall Rearing": 0.17945142090320587, "PRCWall Rearing": 0.13066306710243225, "_wandb": {"runtime": 315}}