{"lossMid Rearing": 0.5420456528663635, "_timestamp": 1697897523.9955971, "_runtime": 349.3838062286377, "_step": 8, "TruePositivesMid Rearing": 575.0, "FalsePositivesMid Rearing": 4227.0, "TrueNegativesMid Rearing": 24718.0, "FalseNegativesMid Rearing": 2880.0, "AccuracyMid Rearing": 0.7806481719017029, "PrecisionMid Rearing": 0.1197417750954628, "RecallMid Rearing": 0.16642546653747559, "PRCMid Rearing": 0.11182650178670883, "_wandb": {"runtime": 347}}