{"lossGrooming": 0.2776552438735962, "_timestamp": 1697959984.853345, "_runtime": 330.579952955246, "_step": 8, "TruePositivesGrooming": 35.0, "FalsePositivesGrooming": 169.0, "TrueNegativesGrooming": 29924.0, "FalseNegativesGrooming": 2272.0, "AccuracyGrooming": 0.9246605038642883, "PrecisionGrooming": 0.1715686321258545, "RecallGrooming": 0.015171217732131481, "PRCGrooming": 0.08753161877393723, "_wandb": {"runtime": 329}}