{"lossWall Rearing": 0.6301082968711853, "_timestamp": 1697926579.214498, "_runtime": 321.1874189376831, "_step": 8, "TruePositivesWall Rearing": 749.0, "FalsePositivesWall Rearing": 5137.0, "TrueNegativesWall Rearing": 22961.0, "FalseNegativesWall Rearing": 3553.0, "AccuracyWall Rearing": 0.7317901253700256, "PrecisionWall Rearing": 0.12725110352039337, "RecallWall Rearing": 0.17410506308078766, "PRCWall Rearing": 0.13336044549942017, "_wandb": {"runtime": 319}}